cluster1,cluster2
0.16105147,0.067645416
-0.088884264,-0.106250286
0.053517357,0.24704856
0.06270955,-0.019547604
0.13756509,0.1886489
-0.120753035,-0.07642129
0.04446453,-0.033390824
0.021909725,-0.009742327
0.0072262716,-0.04127994
-0.09744218,-0.03474102
-0.026246447,-0.07062449
-0.14304912,-0.20544532
0.027106117,-0.055211693
0.23959312,0.34825274
-0.19089516,-0.09457159
0.16271584,0.27117655
-0.06753425,-0.0112665305
0.018604858,-0.015672812
0.030613415,-0.113679
0.03469541,0.14985073
0.17058071,0.25470912
-0.15821546,-0.06827749
0.111034006,0.14606449
0.1872899,0.3410506
0.049120985,0.04545676
0.039339248,-0.02733692
-0.07043469,0.088860065
0.055724744,0.078717805
-0.13218866,-0.07089037
-0.11642583,0.08820297
0.10528336,0.21486083
0.045136135,0.026641063
-0.08443183,-0.04140696
-0.086760156,-0.24465053
9.760261e-07,0.093803346
-0.12811726,0.03209683
-0.024386324,-0.048662096
-0.027999496,-0.03780054
-0.19957444,-0.032637954
-0.045508415,0.05096797
-0.23656806,-0.21820146
-0.20402779,-0.3835494
0.034249842,-0.062251754
0.05157167,0.08860441
0.042346794,0.00026750006
-0.13158795,-0.059104443
-0.16475996,-0.10561554
0.02720912,0.052976996
-0.11639069,0.10582809
-0.043710537,-0.06887199
-0.2461755,-0.39467907
0.16768748,0.19805984
-0.14132789,-0.24878812
0.07846885,0.018810034
0.10295345,0.078978054
0.39942503,0.5031089
0.061366685,0.036693025
-0.20465156,-0.36558613
0.06948976,0.0074388497
-0.06380699,-0.10610748
0.059280105,-0.046271868
0.035216272,-0.17644718
0.013913028,0.010101217
-0.014067326,0.04104234
0.11925987,-0.0240619
0.025634605,0.021204684
-0.015252396,-0.0039844317
0.2761615,0.3540993
-0.37850198,-0.4664895
0.07402017,0.048410278
-0.17992231,-0.15419316
-0.13575459,-0.05437491
0.12041411,0.18602028
0.05797167,0.0649571
0.07413758,0.107754774
-0.0703699,-0.09336106
-0.19023791,-0.23754701
0.18699923,0.11148033
0.13420472,0.22235972
0.020396076,0.10675547
0.06621152,0.12943885
0.16929072,0.088281766
0.055692054,0.062291
0.28975725,0.32380173
0.1333747,0.16180003
0.04014471,-0.007411474
-0.16513829,-0.09493828
0.011609675,-0.025089953
-0.044858992,-0.2378653
0.33945242,0.33982033
-0.0022005457,0.013215592
-0.063050926,-0.062430046
0.09629659,0.05397464
0.07728093,0.08855542
0.11306276,0.029007573
-0.19839866,-0.18398102
-0.16888413,-0.27719256
0.060114987,0.03896313
0.20175874,0.035014782
0.09218296,0.2087272
0.13098353,0.16366316
-0.0429008,-0.011532925
0.055668205,0.15019122
0.23915118,0.08669163
-0.17909834,-0.27259028
-0.09798551,-0.12270278
0.018402882,-0.025224935
0.060612354,0.0041729994
-0.010782473,-0.1139437
-0.17090546,0.08064449
0.17808786,0.11515664
-0.021690922,-0.06279037
0.106899485,0.036767602
-0.20796368,-0.2204515
-0.20089342,-0.08099519
0.021554455,-0.050024375
0.092196636,0.09290293
0.10119116,0.07905486
0.10960008,0.3515188
0.045313194,0.07132805
-0.106303856,0.108530775
0.13536528,0.18449315
0.11969529,0.059853513
0.5695109,0.56090873
-0.043979526,-0.003794387
0.160337,0.12815379
-0.011379078,-0.08601423
0.15592484,0.22795567
0.10934267,-0.0010820795
-0.08713675,0.0032634996
0.036687735,0.07390958
0.28292483,0.3400946
0.14580998,0.17358607
-0.012473531,-0.16517763
-0.119046345,-0.098209284
0.06652548,-0.010382731
0.0042764097,-0.18189967
-0.032081425,-0.06883822
-0.10098985,-0.11812459
-0.074068174,-0.03130152
-0.14793397,-0.07967475
0.18347445,1.6234815e-05
-0.26024267,0.08719736
-0.10441616,0.004614586
0.10202079,0.08693487
0.09436991,0.15373522
0.04460277,-0.07077836
0.042116888,0.09609141
0.055373892,0.064891696
0.095919855,0.1085063
0.1604356,-0.05567737
0.06819434,0.016052434
-0.14251348,-0.0065425634
-0.18620571,-0.30500972
-0.15220761,0.049842555
0.043127947,0.021265693
0.07006312,0.0678236
0.0501808,0.10122422
0.01904571,-0.1826325
0.15708798,0.13702147
0.25546017,0.21342102
0.086167306,0.025814181
-0.060460284,-0.18953176
0.23017612,0.1795938
-0.0891466,0.11099669
-0.014516763,0.10796612
-0.14200126,-0.0011641718
0.10204182,0.13011971
0.02887056,-0.11397954
0.123309724,0.014684884
-0.24370342,-0.1330737
-0.31949857,-0.49366298
0.3009007,0.23435456
-0.01685914,-0.07611168
0.05470112,-0.019481122
0.09311826,-0.032496586
0.14405176,0.22523215
0.10562597,0.03392664
-0.0031734407,0.14882292
-0.009674522,0.023354512
-1.7048321,-0.94766533
0.23719311,0.21354675
0.12395016,0.049342327
0.09324505,-0.07402055
0.16154823,0.1988519
-0.071768925,0.050002992
0.17934908,0.2607016
-0.26964495,-0.16689906
0.11800374,0.006704258
-0.16790205,-0.16400081
-0.11000847,-0.16598292
-0.18028563,0.015605412
-0.16040263,-0.065899715
0.00604428,-0.06410851
0.21437493,0.16386926
-0.2858378,-0.35969475
0.059476614,0.077057615
-0.17225267,-0.22265914
-0.062331486,-0.084851354
0.004529327,0.14498226
0.037148185,0.08514306
-0.031191215,0.0069627054
0.08889574,0.15654816
0.07384543,-0.058699507
-0.29840332,-0.20707217
0.513115,0.34641564
0.172292,0.31895486
-0.18511936,-0.11782848
0.02486321,-0.050914474
0.023209494,-0.042656265
-0.24796289,-0.1948101
0.1074404,0.077762686
-0.045967136,-0.05056458
-0.14510629,0.031491227
0.0878287,0.025578987
-0.17967689,-0.18751408
0.1353898,0.2652991
-0.2047634,-0.19389293
-0.0032014996,0.24119881
-0.08779621,-0.013200166
0.05268188,-0.029966086
-0.028549273,-0.10115748
-0.1898866,-0.28464687
0.27039832,0.3293849
-0.25628015,-0.3601695
0.27456686,0.6700516
0.2266525,0.19599807
-0.039789632,-0.179393
0.17084344,0.13928394
-0.010281019,0.15076435
-0.0043445304,-0.09475492
-0.15418601,-0.2834928
0.23958394,0.16160004
-0.036157496,-0.12519002
-0.16238931,-0.098710984
0.17199945,0.29338676
-0.08935599,-0.13535765
-0.03185845,-0.0079124505
0.0595353,0.13071866
-0.13293663,-0.07791143
-0.12712981,-0.119231395
0.16103226,0.2920984
0.30773452,0.29672676
0.06541035,0.010576961
-0.06526485,-0.0021469574
-0.04318069,-0.20765448
0.1155832,0.010692695
0.1724724,0.08546168
0.0839533,0.09316632
-0.17579642,-0.1330866
-0.09540257,-0.12636639
-0.3530864,-0.17208546
0.088774264,0.12983042
-0.35060805,-0.24430574
0.0609222,-0.06027152
-0.17628977,-0.27147198
0.03944508,0.009011183
-0.081797145,-0.22051029
0.13100472,0.008486647
-0.0021865256,0.023650121
0.07220109,0.12486416
0.07261208,-0.094363056
0.463338,0.4794623
-0.028281756,-0.038210813
-0.336775,-0.30353817
-0.1968899,-0.36335486
-0.0070908107,-0.0022115167
0.12278848,0.248051
0.13555644,0.36364457
0.047419854,0.034808923
-0.049607463,-0.15996781
0.033547178,0.20366026
-0.07563628,-0.13114023
-0.44741485,0.0015043914
-0.20736378,-0.18210033
-0.24224575,-0.2176248
0.303331,0.25692335
0.11698985,0.071959645
0.014655039,0.08102469
-0.15851103,-0.15733369
-0.025054224,0.1547134
0.27849054,0.24112144
-0.04887923,0.04812303
0.14914517,0.019024003
-0.004622571,-0.14054617
-0.10789992,0.014002219
-0.074993305,-0.057152778
-0.012994491,0.06396361
-0.091775835,-0.10644059
-0.33125904,-0.2999504
-0.14008082,-0.03265197
0.12135115,0.25896415
-0.2069839,-0.3115095
0.08538977,-0.05931876
0.21892592,0.2804602
-0.0019054972,0.075408414
0.10034099,-0.00025855005
0.10415457,-0.0370486
-0.014559224,0.06542218
-0.23270184,-0.17206064
-0.07597518,-0.12546349
-0.12087595,0.00062585063
-0.020148873,-0.12741289
0.023677912,-0.02221095
-0.24725989,-0.37884393
0.04792197,0.107078806
-0.050304744,-0.12748337
-0.29517746,-0.3464799
-3.5364275,-4.206984
-0.10690269,-0.015005553
-0.107376166,-0.16425332
-0.1273478,-0.06760265
0.31500912,0.31492487
-0.17381528,-0.21304137
0.0930328,0.07150924
-0.045486666,0.03219214
-0.3743797,-0.31557396
0.0034657046,0.057529118
-0.016469464,-0.10863618
-0.06703296,0.04464505
0.26437983,0.19484359
0.08981274,-0.029466333
0.20830649,0.13280678
0.2315647,0.20054512
0.047764402,-0.06040772
-0.13555792,-0.22126336
-0.108107895,-0.023572255
0.17564851,0.25008658
-0.0025925823,0.054972727
-0.20962222,-0.2790533
0.1505145,0.15853156
-0.17214157,-0.17810749
0.2865258,0.38209283
-0.0061229244,-0.06869681
-0.24870086,-0.27228498
0.16706347,0.10602725
-0.31457192,-0.20709528
-0.105173714,-0.12755688
-0.11819672,-0.08089643
-0.17357813,-0.16721512
-0.08809991,-0.11746881
0.26392785,0.38603136
0.033154234,0.05169891
-0.23653907,-0.3666396
-0.0071138665,0.024495294
-0.019753188,-0.23515126
0.22985041,0.032618586
-0.15100484,-0.13758609
-0.034398265,0.09698631
0.02351828,-0.22305214
0.08071955,0.08394023
0.022886217,0.15532134
0.18953322,0.36007044
-0.057028655,-0.114296
-0.028648281,0.015411183
-0.32781225,-0.10296099
0.009642232,0.06245911
0.2089411,0.079203345
0.16651902,0.12650415
-0.027929327,-0.0022769906
0.06218627,-0.080546185
-0.19749463,-0.223292
0.01900123,0.07106192
-0.07505074,0.057917517
0.09428814,0.028996877
0.30955455,0.4362401
-0.23085108,-0.17322245
-0.08842894,0.014859241
0.114142746,0.2873472
-0.12277281,-0.05465789
-0.16664192,-0.33781287
0.08606204,-0.12038566
-0.19991343,-0.26914957
0.00052793697,0.011248645
-0.265788,-0.43863624
-0.16502197,-0.2290358
-0.00425753,0.026017508
0.035169326,-0.013776352
-0.113332935,-0.2572046
0.14389436,0.3145371
-0.08235747,-0.011793816
-0.80384904,-0.61585206
-0.12295603,0.06305162
-0.10923535,-0.2137132
-0.04063458,0.0064012334
-0.0051228357,-0.01696436
0.2125646,0.19157577
0.07842879,0.07523491
-0.16419905,-0.29564643
-0.1507534,-0.3002785
0.16106987,0.08573795
0.15325011,0.0839506
-0.03242458,-0.037612867
-0.071239784,-0.06157752
-0.05410639,0.012899579
-0.1951021,-0.12331494
-0.121371165,0.0044419914
-0.028258093,-0.006341977
0.18835984,0.22527413
0.099371046,0.0007878132
0.20611641,0.15857497
-0.02309559,0.030111112
0.00026275963,-0.07205695
0.058812,-0.11465042
0.16158469,0.14423142
-0.1910315,-0.06294592
0.25537705,0.1798446
-0.13924822,-0.14813837
-0.09486895,0.056022227
-0.10732442,-0.10662255
0.2715198,0.20423304
-0.27068135,-0.3981551
-0.15521574,-0.2874874
0.05816356,0.0071031647
-0.42369705,-0.3827863
0.02370426,0.0076225502
-0.034844246,0.045028694
0.03281372,-0.033597514
0.31976742,0.35307294
-0.2472338,-0.1752297
0.18458009,0.17356709
-0.13357149,-0.17950198
0.03135612,-0.09471977
-0.045995187,-0.04569193
-0.04954119,0.014051848
0.3451233,0.33146724
0.046531405,0.111571945
0.048566937,-0.13817205
0.03910531,-0.22340876
0.34695774,0.5156897
-0.052910045,-0.2286097
-0.2607976,-0.290703
-0.13110301,-0.3423522
0.095508344,0.18448968
-0.06405222,-0.054698344
-0.13292399,-0.017769787
-0.15472516,-0.20581347
-0.071242034,-0.19354835
0.015925586,-0.09952191
-0.08921993,-0.1951732
0.038998377,0.0063285585
-0.26315787,-0.0031009838
0.03719271,0.15752614
0.0030714571,0.097006835
-0.10225795,-0.15163392
0.08077483,-0.09650143
-0.0033664443,-0.08148609
0.1542597,0.008948449
0.18173075,0.18613747
0.16165765,0.1359936
-0.11501888,0.067525536
0.00013886392,-0.013645493
0.15005425,0.2969024
0.27502012,0.15666646
0.032007635,0.25795218
0.009675253,-0.006441272
0.13943174,0.04077708
0.14964412,0.053483956
0.012367494,0.14922483
-0.29797763,-0.33038253
0.06988406,0.028113697
-0.2933116,-0.14116278
0.028938351,0.038079694
-0.14585942,0.057338472
0.29106978,0.3239871
-0.10437663,-0.07840846
-0.20291395,-0.15893474
-0.2841276,-0.45045292
-0.012286589,0.24373889
0.079766095,0.16936491
-0.0014253333,0.08615081
0.0583516,0.021617938
-0.17115858,-0.03436443
0.18948092,0.21270801
0.17929727,0.25809994
-0.1736685,-0.062184654
-0.119234756,0.002799742
0.14299354,0.02728084
0.0824787,-0.10958678
-0.13615617,-0.16072643
0.025106665,-0.018559601
-0.13123444,-0.18328226
-0.040753707,-0.02026208
0.25742322,0.3772322
0.07705457,0.17857614
-0.305333,-0.37503684
0.021052424,-0.03515151
0.2798673,0.33684763
0.043914586,0.09207995
-0.056138955,-0.00056240894
-0.15638247,-0.14185846
0.096758276,0.04810515
0.19544005,0.15769303
-0.047627404,-0.10621818
-0.17446813,-0.120329365
-0.15255,-0.043679375
0.17485979,0.13447094
0.14104436,0.028045183
0.03582896,-0.062402442
0.007016927,0.15256305
-0.16265856,-0.11350831
-0.1431648,-0.11618671
-0.32591859,-0.2633264
-0.079644375,-0.13338238
0.19343282,0.15168713
0.11004008,0.13866684
0.105602324,0.06907312
0.16528532,0.07315922
0.1745963,0.025176823
0.07367013,0.23354322
-0.24346563,-0.19288968
0.017701404,-0.030500233
0.05823487,0.13349111
-0.030059721,-0.020825952
0.26189736,0.10607281
0.13405585,0.13960731
-0.17690888,-0.042748973
-0.011636378,-0.04537824
0.018291965,0.10940385
-0.30736816,-0.398694
-0.28242886,-0.26540163
-0.03114945,0.068215415
-0.0054413537,0.02104092
0.08098951,0.15235434
-0.015764773,-0.15537775
0.017497886,0.06889183
0.04314761,-0.077629134
-0.13004193,-0.05451551
-0.20632112,-0.10376711
-0.11428715,-0.044342108
0.02842655,0.17742269
0.05989743,-0.037426796
-0.09398706,-0.30119392
0.0038828552,0.09390308
-0.0165556,-0.07054569
-0.18660277,-0.15928155
-0.35159403,-0.21973343
0.11444385,0.09618029
0.02953644,0.063881695
-0.24081576,-0.63908964
-0.012038868,0.021110868
0.037289545,0.13627371
0.37005925,0.21371166
0.13863192,-0.059837177
-0.36305606,-0.5842051
-0.011544272,-0.0083858855
0.04713284,0.119452044
0.017687209,0.11792048
-0.13506229,-0.16049226
-0.13295755,-0.07446313
-0.13401441,-0.1431834
-0.18368042,-0.2636145
0.007792592,-0.08273743
0.031995866,-0.012186864
0.14999533,0.17896785
0.2820734,0.1639498
-0.06280369,-0.12892863
0.13492905,0.12996054
0.05494069,0.05571304
-0.09904502,-0.07822488
-0.11996959,-0.12953028
-0.3264049,-0.31475747
0.15686098,0.30684298
-0.34161586,-0.3283104
-0.04067889,-0.06706303
-0.020636983,-0.11234575
-0.06814748,-0.17413688
0.095018774,-0.049756583
-0.15979165,-0.19601294
0.08232933,0.12733467
0.007067658,-0.12584956
0.096929975,0.034536067
0.043813825,-0.06907974
0.16791776,0.22925
0.0031368732,0.026292974
-0.028993282,-0.06490302
0.030404434,0.03632143
-0.06913914,-0.20735905
0.03558834,-0.0031165308
0.100784175,0.10577276
0.07373416,0.09833813
0.06982261,0.09492548
-0.15804736,0.02279401
0.0026755296,-0.039024886
0.021218643,-0.14936988
-0.3318162,-0.29151416
-0.07471138,0.113093875
-0.1282793,-0.21605074
0.26181588,0.04481063
0.30946875,0.20308408
0.08674472,0.12602748
0.046186842,-0.009505588
0.16162749,0.032888092
-0.057128374,-0.09369787
-0.17378204,-0.0755683
0.04227394,-0.1507318
-0.19621205,-0.10002888
0.032717124,0.0401829
0.4369947,0.43790516
0.044792004,0.0117759695
-0.20571044,-0.2948421
0.029920295,-0.016405245
-0.15630409,-0.2407465
0.17962117,0.107696936
0.06381181,0.20479608
0.13944072,0.17196257
-0.17782047,-0.062142454
0.17284721,0.24509774
-0.14001164,0.018974472
0.30023056,0.33330008
0.12234976,0.1263749
0.12816225,0.09823862
-0.0970366,-0.1020842
0.09215264,-0.061724022
0.03168332,0.004305927
-0.24442326,-0.28743643
-0.05327808,-0.18960239
0.017767834,-0.0063768686
-0.15105416,-0.29031128
-0.14197135,-0.3256266
0.21160743,0.22539337
0.41587752,0.25006652
-0.37579644,-0.28388515
-0.08572976,-0.1038404
0.09038561,0.08179023
-0.22385153,-0.13607696
-0.13255422,-0.17367534
0.091717795,-0.031769812
0.05863613,0.17233713
0.05341156,0.115479544
0.29971445,0.32908875
-0.04282578,0.024000224
0.1616128,0.16525182
0.24063952,0.22183423
-0.38230905,-0.33507434
-0.20935827,-0.21807985
-0.02232783,0.0022519103
0.112882085,0.22150978
0.13978454,0.18020265
0.2649908,0.16964647
0.01270649,0.052386843
0.31451014,0.42809257
0.05095053,-0.090760216
-0.103575125,-0.017336704
0.12905824,0.06523176
0.03734324,0.09969253
0.004574232,-0.061593212
0.04542316,0.028325815
-0.0039460436,-0.087427095
0.118646994,0.13942553
0.15755503,0.12043185
0.17994078,0.06961956
0.2351636,0.26226246
0.058884606,0.12631668
0.07007795,0.08778417
-0.009271733,-0.053619258
0.29453322,0.28583068
0.18472677,0.1578546
0.061145302,0.088572726
-0.02345662,0.004863394
-0.0015644506,0.15832455
-0.0003445358,-0.0023041498
-0.14047989,-0.10696186
-0.019053748,0.040219415
0.20254552,0.08950908
0.123384014,0.07928155
0.059377514,0.08107385
-0.29148313,0.14619014
0.028965376,0.054217704
-0.09936616,0.010540485
0.0017283559,0.23709072
-0.39010614,-0.3949464
-0.06698172,-0.22148678
0.15840785,0.07743147
0.08532722,0.09571365
-0.19782354,-0.1703491
-0.18321392,-0.039396416
0.10678527,0.03303256
0.096128784,-0.0010143146
0.14859882,0.19648865
-0.002144158,0.0962116
0.17267816,0.20912237
0.042410515,0.016189437
0.14459038,0.14682792
0.03369062,0.10261286
0.08421564,-0.0989697
-0.10365578,-0.13579355
0.019507334,0.10781037
0.021603584,-0.095487356
-0.0846418,-0.115665644
-0.26628926,-0.20149058
-0.3506666,-0.4596192
-0.079338215,-0.15877269
-0.24839309,-0.39787513
-0.18632664,-0.11769265
0.0013659149,0.07824373
0.037642132,-0.080134846
-0.17534935,-0.2481374
0.05121424,-0.053262167
-0.0937334,-0.14443219
0.057029054,0.14422448
-0.24800234,-0.32077348
0.04222927,0.048388746
-0.11795769,-0.14172672
0.15824765,0.21278691
-0.023219327,0.0008576298
0.19814903,0.28050593
0.038729295,0.108856134
0.28583232,0.15645865
0.0017220667,-0.014693026
-0.12613128,-0.0916393
0.0139281135,0.042311363
0.18076776,0.15629834
0.053861525,-0.022233127
0.12300888,0.10964069
0.10256675,0.22202805
-0.22898322,-0.3047005
-0.06620795,0.17514351
0.02038943,0.16433793
0.09765835,0.16439363
-0.684837,-0.3264441
0.16877052,0.06582962
-0.030423276,-0.1226243
0.049059376,0.13600586
0.105846524,0.17104357
-0.057496555,-0.14229806
-0.20979351,-0.37916148
-0.043092404,0.034300067
-0.09539716,-0.17410682
-0.16963199,-0.40366206
0.1376373,0.120543726
0.1388588,0.024448648
-0.11064366,-0.13041157
-0.10439615,-0.09077486
0.01289466,0.27132225
0.15957165,0.10114518
0.11613333,0.1443655
-0.022032049,0.08139892
0.0010735393,0.09822529
0.14669922,0.24033388
0.038696628,0.04592746
0.02907519,0.23698787
0.017419118,-0.05212822
-0.061236802,-0.11025837
-0.07531998,-0.091769725
0.09680263,0.08974647
-0.17675799,-0.29523078
-0.1348238,0.19465646
0.09100123,0.28316996
-0.08434168,0.11247501
0.2827454,0.1976613
0.09601055,0.16390459
-1.0772636,-0.2739293
-0.1956543,-0.2984497
-0.06861634,-0.20406741
-0.08628262,-0.19562875
-0.11181188,-0.36313438
-0.14283702,-0.07665896
0.17028162,0.009165421
-0.08806568,0.041126013
-0.022787336,-0.07593406
-0.24690506,-0.3327983
0.14572072,0.19723445
-0.17461158,-0.010409456
-0.10976907,-0.014520297
-0.010524018,-0.049023822
-0.08206455,-0.060345743
0.017499961,0.0067429263
