GlAccount,LongDescription,ShortDescription
10000000,Petty Cash,Petty Cash
10101100,BK:Scotia Bank Confirmed Cash 476960256013,Scotia Bank   CC
10101101,BK:Scotia CAD - Incoming Clearing,Scotia CAD - In  Clg
10101102,BK:Scotia CAD - Outgoing Clearing,Scotia CAD - Out Clg
10101400,BK:RBC 101-2749 Gen Dep Confirmed Cash 1012749,RBC Gen Dep ConfCash
10101401,BK:RBC 101-2749 Gen Dep Incoming Clearing,RBC Gen In Clg
10101402,BK:RBC 101-2749 Gen Dep Outgoing Clearing,RBC Gen Out Clg
10101450,BK: RBC Heath PAP Dep Confirm Cash Manual 1095975,RBC HeathWH PAP CC
10101600,BK:RBC Banner Confirmed Cash 1313055,"RBC Banner Dep CC  "
10101601,BK:RBC Banner Incoming Clearing,RBC Bank In Clg
10101602,BK:RBC Banner Outgoing Clearing,RBC Bank Out Clg
10101750,BK:RBC Solomon Dep. Confirmed Cash 1284488,RBC Solm Dep. CC
10101751,BK:RBC Solomon Dep. Incoming Clearing,RBC Solm Dep. In Clg
10101752,BK:RBC Solomon Dep. Outgoing Clearing,RBC Solm Dep. Ot Clg
10103000,Deposit A/c used for New Acquistions 1127851,Don't Use-For New Aq
10103050,Disbursement A/c used for New Acquistions 1128024,Don't Use-For New Aq
10103100,Payroll A/c used for New Acquistions 1122647,Don't Use-For New Aq
10103500,BK:RBC UEI 131-355-0 Confirmed Cash 1313550,"RBC UEI  APAK CC "
10103501,BK:RBC UEI 131-355-0 Incoming Clearing,RBC UEI APAK In Clg
10103502,BK:RBC UEI 131-355-0 Outgoing Clearing,RBC UEI APAK out Clg
10104000,Deposit A/c used for New Acquistions 1152917,Don't Use-For New Aq
10104010,Disbursement A/c used for New Acquistions 1152966,Don't Use-For New Aq
10104020,Payroll A/c used for New Acquistions 1153006,Don't Use-For New Aq
10104500,Deposit A/c used for New Acquistions 1153048,Don't Use-For New Aq
10104510,Disbursement A/c used for New Acquistions 1153097,Don't Use-For New Aq
10104520,Payroll A/c used for New Acquistions 1153139,Don't Use-For New Aq
10104580,Deposit A/c used for New Acquistions 1136381,Don't Use-For New Aq
10104600,BK:RBC Wightman DEP Confirm Cash Manual 1136779,RBC Wightman DEP CC
10104610,BK:RBC Wightman DISB Confirm Cash Manual 1136696,RBC Wightman DISB CC
10104620,BK:RBC Wightman PAYRL Confirm Cash Manual 1136209,RBC Wightman  PYRL
10104700,BK: RBC Heath Dep Confirm Cash Manual 1145275,RBC Heath WH  Dep CC
10104710,BK: RBC Heath Disb Confirm Cash Manual 1145317,RBC HeathWH  Disb CC
10104720,BK: RBC Heath Confirm Cash Pyrl Manual 1146273,RBC Heath WH Pyrl
10104730,BK: RBC Heath Online Dep Confi Cash Manual 1096080,RB Heath Online   CC
10104810,Disbursement A/c used for New Acquistions 1136274,Don't Use-For New Aq
10104820,Payroll A/c used for New Acquistions 1136845,Don't Use-For New Aq
10104900,Deposit A/c used for New Acquistions 1136936,Don't Use-For New Aq
10104910,Disbursement A/c used for New Acquistion 1136894,Don't Use-For New Aq
10104920,Payroll A/c used for New Acquistions 1136563,Don't Use-For New Aq
10106100,BK:RBC Banner Returns Confirmed Cash 1312545,RB B Ret Conf-Cash
10106101,BK:RBC Banner Returns Incoming Clearing,RB BannerRet In Clg
10106102,BK:RBC Banner Returns Outgoing Clearing,RB BannerRet Out Clg
10106200,BK: TD Deposits CAD Confirmed Cash 5254761,TD Deposit Conf-Cash
10106201,BK: TD Deposits CAD Incoming Clearing,TD Deposit In Clg
10106202,BK: TD Deposits CAD Outgoing Clearing,TD Deposit Out Clg
10106500,BK:RBC Solomon Disb. Confirmed Cash 1304591,RBC Solm Disb CC
10106501,BK:RBC Solomon Disb. Incoming Clearing,RBC Solm Dis In Clg
10106502,BK:RBC Solomon Disb. Outgoing Clearing,RBC Solm Dis Out Clg
10106800,BK:RBC Payroll Disb Confirmed Cash 1304724,Payrl Disb Conf-Cash
10106801,BK:RBC Payroll Disb Incoming Clearing,Payrl Disb In Clg
10106802,BK:RBC Payroll Disb Outgoing Clearing,Payrl Disb Out Clg
10107600,BK:RBC TerraNet Clrng Comfirmed Cash 1099704,RB TerraNet Clrng CC
10107601,BK:RBC TerraNet Incoming Clearing,"RB TerraNet In Clng "
10107602,BK:RBC TerraNet Outgoing Clearing,RB TerraNet Ot Clng
10107900,BK:RBC USD Confirmed Cash 4024923,RBC Toronto USD CC
10107901,BK:RBC USD Incoming Clearing,RBC To USD IN Clg
10107902,BK:RBC USD Outgoing Clearing,RBC To USD Ot Clg
10108100,Restricted Cash,Restricted  Cash
10108200,BK: TDCT Deposits CAD Confirmed Cash 6905355528,TDCT Deposits CAD CC
10108201,BK: TDCT Deposits CAD Incoming Clearing,TDCT Dep CAD In Clg
10108202,BK: TDCT Deposits CAD Incoming Clearing,TDCT Dep CAD Ot Clg
10109000,Bank FX Adjustment,Bank FX Adjustment
12000000,AR: Trade Control,Trade Control
12000001,AR: Trade Manual,Trade Control Manual
12000101,AR:Acquired Co. Receivables (Manual),Acquired Co. Rec M
12000110,AR:Serv Contracts Rec Banner,Serv Conts Rec Banr
12000120,AR:Accrued Revenue-Base Rental,Accr Rev-Base Rental
12000130,AR:Trade Clearing,Trade Clearing
12000131,AR: NHS Customer Clearing,NHS Customer Clg
12000133,AR: Fastfrate Cleaing Account,Fastfrate Clg Acc
12000200,AR:Sundry,AR:Sundry
12000202,AR:Vendor Rebates,Vendor Rebates
12000203,AR:Accrued Revenue - WH Rental,Accr Rev - WH Rental
12000205,AR:Paid Union Dues - CEP,Paid Union Dues-CEP
12000206,AR:Unapplied Cash,Unapplied Cash
12000322,AR:Employee Receivables Clear,Employee Rec Clear
12000400,AR: Employee Receivables Acqds,Employee Rec Acqds
12000410,AR:Banner Master Billing Cleag,Banr Mstr Biling Clg
12000420,AR:APAK Transfer Clearing,UEI APAK  Trsfr Clg
12000423,AR:APAK Refund Clearing,UEI APAK Refund Clg
12000500,AR:Billed Revenue-Banner,Billed Revenue-Banr
12000502,AR: Billed/Accrd Rev-LivClean,Bil Acc Rev-LivClean
12000503,AR: Enbridge Clearing,Enbridge Clearing
12000506,AR:Transfer EGD chrg clearing,Transfr EGD chrg clg
12000507,AR:Banner/Solomon Clearing,Banner/Solomon Clg
12000510,AR:NHS Enbridge Clearing,NHS Enbridge Clg
12000511,AR:MorEnrgy/Utlbl/VivaEnbrgClr,MrEnrgy/VivaEnbrgClr
12003300,AR:Trade Rec (IFS) control act,Trade Rec (IFS) ctl
12009000,"AR FX Adjustment- Revaluation                     ","AR FX Adjs          "
12200300,AR: HVAC rent free discount-LT,HVAC rnt fr disct-LT
12200305,AR: HVAC rent free discount-ST,HVAC rnt fre dist-ST
12200306,AR:RHVAC gift card promo ST,HVAC gift crd prm ST
12200398,AR: HVAC rent free LT-Canco,HVAC rnt fre LT-Canc
12200399,AR: HVAC rent free ST-Canco,HVAC rnt fre ST-Canc
12200407,AR:RHVAC gift card promo LT,HVAC gift crd prm LT
12400421,AR: Billed Revenue - APAK,Billed Rev - APAK
12400425,AR: APAK Interest Receivable,APAK Interest Rec
12400426,AR:APAK Int. Rec. SAC,PAK Int. Rec. SAC
12400427,AR: APAK Int. Rec. NON-SAC,APAK Int. Rec. N-SAC
12400520,FC:Finance Contracts-Banner,Finance Contrs-Banr
12400523,FC:Fin Con - Plastic Venting,Fin Con - Plas Vent
12400525,FC:Finance-Chim Liners Clearng,Fince-Chim Linrs Clg
12400539,FC:Fin Con-3rdPartyDeals Clear,Fin Con-3rdParty Clr
12400541,FC: Fin Reg. Fee (clearing),Fin Reg. Fee clg
12400542,FC: Fin Cust Change (clearing),Fin Cust Change clg
12400545,FC:Finance Contracts - APAK,Finance Conts - APAK
12400546,FC:Current Portion FC-Contra,Current Por FC-Contr
12400547,FC:Current Portion FC,Current Portion FC
12400550,FC:Deferred Dealer Fees,Deferred Dealer Fees
12400980,BAD:Prov for D/Accts - UE Fin,Prov D/Acts-UE Fin
12500950,BAD:Prov for Bad Debt-HVAC,Prov for BD-HVAC
12500951,BAD:Prov for Bad Debt- Acqrd,Prov for BD- Acqrd
12500952,BAD:Prov for Bad Debt-COD,Prov for BD-COD
12500953,BAD:Prov for Bad Debt-UEI_WIP,Prov for BD-UEI_WIP
12500960,BAD:Write-off/Recovery D/Accts,Write-off/Recy D/Act
12500970,BAD:Prov. for bad debt-Rental,Prov. for bD-Rental
12500975,BAD:Prov for D/Accts- CPP,Prov for D/Acts- CPP
12500985,BAD:Provision for D/Accts-OHE,Prov D/Accts-OHE
12500954,BAD:Prov for Bad Debt-RNC,Prov for Bd Debt-RNC
12700500,AFDA: Prov for BadDebt FA-Gas,Prov for BD FA-Gas
12700550,AFDA: Prov for BadDebt FA-Elec,Prov for BD FA-Elec
13020200,INV:Perpetual - Control Acct.,Perpetual -Conl Act.
13020201,INV: Inventory - Non-Control,Inventory - Non-C
13020300,INV:Inventory (IFS)-ControlAct,Inv (IFS)-Con
13020330,INV:Inventory-In Transit (IFS),Inv-In Trt (IFS)
13020333,INV:Trnsfr SOL/IFS clearing,Trnsfr SOL/IFS clg
13020400,INV:Inventory Writedown Prov,Inv Writedown Prov
13020401,INV:USD invtry writedown prov,USD invt writed prov
13020800,INV: In-transit Inventory,In-transit Inventory
14010100,PPD:Prepaid Expenses,PPD:Prepaid Expenses
14010110,PPD:Deposits,PPD:Deposits
14010150,PPD: National Builder Prepaid,Nat Builder Prepaid
14010412,PPD:BannerInterfaceMiscClearng,BanrInterfaceMiscClg
14010900,PPD:Refund Clearing,PPD:Refund Clearing
14040950,TAX: Income Taxes Receivable,Income Taxes Rec
15000010,Vehicles,Vehicles
15000020,Tools,Tools
15000030,Furniture & Fixtures,Furniture & Fixtures
15009010,Vehicles (Manual),Vehicles (Manual)
15009020,FA:Tools (Manual),Tools (Manual)
15009030,"Furniture, Fixtures, Office (Manual)","Furnt, Fixs, Off-Man"
15009050,Leasehold Improvements (Manual),Leasehold Improv-Man
15009080,Computer Hardware (Manual),Comp Hardware-Man
15009110,FA:Communications Equipment (Manual),Comm Equip (Manual)
15009120,Warehouse Equipment (Manual),Warehouse Equip-Man
15009130,Fixed Assets - Other (Manual),Fixed A - Other-Man
15409808,IA: TAS Plumbing (Manual),IA: TAS Plumbing M
15409813,IA:Field (Manual),IA:Field (Manual)
15409817,IA: Bronco Plumbing (Manual),IA: Bronco Plumbg M
15409824,IA:Cust Rltp Ext Gen RentAHeat (Manual),IA:Cust Rp Ext Gen M
15409828,IA:Customer Relationships (Manual),IA:Customer Relp M
15409803,IA:Trademarks Manual),IA:Trademarks Manual
15408981,IA:Intgbl Application Software Post CANCO,IA:Int Ap SW pst CAN
15409840,IA:Intgbl Application Software (Manual),IA: Ext Appl Sof-Man
15000050,Leasehold,Leasehold
15000080,Computer Hardware,Computer Hardware
15000085,Handhelds and Tradebooth,Handheld &Tradebooth
15000110,Communication Equipment,Communication Equipt
15000120,Warehouse  Equipment,Warehouse  Equipment
15000130,Fixed Assets - Others,Fixed Assets - Other
15100502,Res RWH Gas PV,Res RWH Gas PV
15100504,Res RWH Gas DV,Res RWH Gas DV
15100506,Res RWH Gas CV,Res RWH Gas CV
15100550,Res RWH- Heating,Res RWH- Heating
15100560,Comm RWH- Gas Tanks,Comm RWH- Gas Tanks
15100562,CommReco WH-GasTanks,CommReco WH-GasTanks
15100575,Electric RWH- New Tanks,Elc RWH-New Tanks
15100585,Rental HVAC- Air Conditoner,Rental HVAC-Air Cond
15100590,Rental HVAC- Furnace,Rental HVAC- Furnace
15100595,Rental HVAC- Others,Rental HVAC- Others
15100630,Smart Home,Smart Home
15109502,Res RWH Gas PV (Manual),Res RWH Gas PV-Man
15109504,Res RWH Gas DV (Manual),Res RWH Gas DV M
15109506,Res RWH Gas CV (Manual),Res RWH Gas CV-Man
15109550,Res RWH- Heating (Manual),Res RWH- Heating M
15109560,Comm RWH- Gas Tanks (Manual),Comm RWH- Gas Tank M
15109562,CommReco WH-GasTanks (Manual),ComReco WH-GasTank M
15109575,Electric RWH- New Tanks (Manual),Elect RWH- N Tks-Man
15109585,Rental HVAC- Air Conditoner (Manual),Rntl HVAC-Air Cond M
15109590,Rental HVAC- Furnace (Manual),Rentl HVAC- Furn-Man
15109595,Rental HVAC- Others (Manual),Rentl HVAC-Othrs-Man
15109630,Smart Home (Manual),Smart Home M
15200829,Cust Rltp IntGen RHVAC,Cust Rl IntGen RHVAC
15200833,Cust Rltp Int Gen Comm,Cust Rl Int Gen Comm
15200836,Prop Mgmt Retention Allowan,Prop Mgmt Ret Allown
15209000,Cust Rltp Manual,Cust Rltp Manual
15308000,Leased Capital Assets,Leased Capl Assets
15308100,Leased Capital Assets - COGS,Leased Cap Ass- COGS
15309000,Leased Capital Assets (Manual),Leased C Assets-Man
15318100,Leased Buildings,Leased Buildings
15319100,Leased Buildings (Manual),Leased Building-Man
15400802,IA: Capital IFS Project Phoeni,IA: Capl IFS  Phoeni
15400803,IA:Trademarks,IA:Trademarks
15400809,IA: Simply Smart,IA: Simply Smart
15400815,IA: Simply Energy,IA: Simply Energy
15400819,IA: Simply Green Crown Crest,IA: Simply Green CC
15400820,IA:Dealer & Builder Relnships,IA:Dealer & Buid Rel
15400821,IA: Cust Rltp Ext Genesis,IA: Cust Rltp Ext Ge
15400822,IA: Cust Rltp Ext Gen Viva,IA: CR Ext Gen Viva
15400823,IA:Cust Rltp Ext Gen Utilebill,IA:CR Ext Gen UB
15400825,IA: Cust Rltp Ext Gen Enwise,IA: CR Ext Gen En
15400826,IA: Cust Rltp Ext Gen Enwin,IA: CR Ext Gen Enw
15400827,IA: Cust Rltp Ext Gen Maxium,IA: CR Ext Gen Max
15400828,IA:Customer Relationships,IA:Customer Relatin
15400829,IA: NHS Intangible Assets,IA: NHS Intangible A
15400831,IA:Cust Rltp Ext Gen LivClean,IA:CR Ext Gen LivC
15400834,IA: Cust Rltp Ext Gen Sears,IA: CR Ext Gen S
15400835,IA:Cust Rltp Ext Gen Summit,IA:CR Ext Gen Summit
15400837,IA:Cust Rltp Ext Gen Lennox,IA:CR Ext Gen Lennox
15400838,IA:Cust Rltp Ext Gen NRG,IA:CR Ext Gen NRG
15400839,IA: Cust Rltp Ext Gen Alliance,IA: CR Ext Gen All
15400840,IA:Intgbl Application Software,IA: Ext Appl Softwa
15400842,IA: Intngbl Appl SW INTERNAL,IA: Intl Appl Softw
15400843,IA:Cust Rltp Ext Gen Utilebill2,IA:Cust R Utilebill2
15409898,IA: Intngbl Asset-CANCO (Manual),IA: Intbl As-CANCO M
15700000,GW:Goodwill,GW:Goodwill
15800000,Fixed Assets Technical Clearing Account,FA Techn Clg Account
15800010,Vehicles APC Clearing Account,Vehicles APC Clg
15800020,Tools APC Clearing Account,Tools APC Clg
15800030,Furniture & Fixtures APC Clearing Account,Furn & Fix APC Clg
15800050,Leaseholds APC Clearing Account,Leaseholds APC Clg
15800080,Computer Hardware APC Clearing Account,Computer Hdw APC Clg
15800085,Handheld Devices  APC Clearing Account,Handheld Dev APC Clg
15800110,Communication Equipment APC Clearing Account,Comm Equip APC Clg
15800120,Warehouse  Equipment APC Clearing Account,Wareh  Equip APC Clg
15800130,Fixed Assets - Others APC Clearing Account,FA - Oths APC Clg
15808000,Leased Capital Assets APC Clearing Account,Lesd Cap As  APC Clg
15808100,Leased Buildings APC Clearing Account,Leased Buldg APC Clg
15808120,Cust RI IntGen RHVAC APC Clearing Account,Cust  RHVAC APC Clg
15808140,Prop Mgmt Ret Allown APC Clearing Account,Prp Mgmt All APC Clg
15850050,Leasehold Improvements (AUC),Leasehold Imp (AUC)
15900200,CIP:Rental (AUC),CIP:Rental (AUC)
15909200,CIP: Rental (AUC) (Manual),CIP:Rental (AUC) M
15950140,IA:Externally Gen IA - WIP (AUC),IA:Ext Gen IA - WIP
15950143,IA: WIP UEI Software Project (AUC),IA: WIP UEI Sofw Pro
15950144,IA:Project Edison (AUC),IA:Proj Edison AUC
16000010,AD:Vehicles,AD:Vehicles
16000020,AD:Tools,AD:Tools
16000030,"AD:Furniture, Fixtures, Office","AD:Furnt, Fixt, Off"
16000050,AD:Leasehold Improvements,AD:Leasehold Improv
16000080,AD:Computer Hardware,AD:Computer Hardware
16000085,AD:Hndhld/Trdshw Bth (3yrs SL),AD:Hndhld/Trdshw Bth
16000110,AD:Communications Equipment,AD:Communications Eq
16000120,AD:Warehouse Equipment,AD:Warehouse Eq
16000130,AD:Fixed Assets Other,AD:Fixed Assets Oth
16009010,AD:Vehicles (Manual),AD:Vehicles (Manual)
16009020,AD:Tools (Manual),AD:Tools (Manual)
16009030,"AD:Furniture, Fixtures, Office (Manual)","AD:Frnit, Fixt-Man"
16009050,AD:Leasehold Improvements (Manual),AD:Leasehld Impr-Man
16009080,AD:Computer Hardware (Manual),AD:Computer Hard-Man
16009110,AD:Communications Equipment (Manual),AD:Com Equp (Manual)
16009120,AD:Warehouse Equipment (Manual),AD:Warehse Equip-Man
16009130,AD:Fixed Assets Other (Manual),AD:Fixed A-Man
16100502,AD:Res RWH Gas PV,AD:Res RWH Gas PV
16100504,AD:Res RWH Gas DV,AD:Res RWH Gas DV
16100506,AD:Res RWH Gas CV,AD:Res RWH Gas CV
16100550,AD:Res RWH- Heating,AD:Res RWH- Heating
16100560,AD:Comm RWH- Gas Tanks,AD:Comm RWH-Gas Tank
16100562,AD:CommReco WH-GasTanks,AD:CommReco WH-GasT
16100575,AD:Electric RWH- New Tanks,AD:ElectricRWH-New T
16100585,AD:Rental HVAC-Air Conditioner,AD:Rent HVAC-Air Con
16100590,AD:Rental HVAC- Furnace,AD:Rental HVAC- Furn
16100595,AD:Rental HVAC- Others,AD:Rental HVAC- Oth
16100630,AD: Smart Home,AD: Smart Home
16109504,AD:Res RWH Gas DV (Manual),AD:Res RWH Gas DV M
16109550,AD:Res RWH- Heating (Manual),AD:Res RWH-Heating M
16109560,AD:Comm RWH- Gas Tanks (Manual),AD:Com RWH-Gas Tnk M
16109562,AD:CommReco WH-GasTanks (Manual),AD:ComReco WH-GasT M
16109585,AD:Rental HVAC-Air Conditioner (Manual),AD:Rent HVAC-Air C M
16109630,AD: Smart Home (Manual),AD: Smart Home M
16109502,AD:Res RWH Gas PV (Manual),AD:Rs RWH Gas PV-Man
16109506,AD:Res RWH Gas CV (Manual),AD:Rs RWH Gas CV-Man
16109575,AD:Electric RWH- New Tanks (Manual),AD:Ele RWH- Nw T-Man
16109590,AD:Rental HVAC- Furnace (Manual),AD:R HVAC- Furn-Man
16109595,AD:Rental HVAC- Others (Manual),AD:Re HVAC- Othr-Man
16200829,AD:Cus Rltp IntGen RHVAC,AD:Cus Rlt IntGen RH
16200833,AD:CustRltp IntGen Comm,AD:CustRltp IntGen C
16200836,AD:Prop Mgmt Retention Allowan,AD:Prop Mgmt Ret All
16209000,AD:Cus Rltp Manual,AD:Cus Rltp Manual
16308000,AD: Leased Capital Assets,AD: Leased Capital A
16308100,AD: Leased Capital Assets - COGS,AD: Leasd Cap A-COGS
16309000,AD: Leased Capital Assets (Manual),AD: Leased Cap A-Man
16318100,AD: Leased Buildings,AD: Leased Buildings
16319100,AD: Leased Buildings (Manual),AD: Leased Build-Man
16400802,AA: IFS Project Phoenix,AA: IFS Project Phx
16400803,AA:Trademark -Amortization,AA:Trademark -Amort
16400809,AA: Simply Smart,AA: Simply Smart
16400815,AA: Simply Energy,AA: Simply Energy
16400819,AA: Simply Green Crown Crest,AA: Simply Grn CC
16400820,AA:Dealer Netwk/Wholesale-Amor,AA:Dealer Netwk/Amor
16400821,AA: Cust Rltp Ext Gen Genesis,AA: Cust Rltp Ext Gn
16400822,AA:Cust Rltp Ext Gen Viva,AA:Cust Rltp Ext Gen
16400823,AA:Cust Rltp Ext Gen Utilebill,AA:CR Ext Gen UB
16400825,AA: Cust Rltp Ext Gen Enwise,AA: CR Ext Gen Enw
16400826,AA: Cust Rltp Ext Gen Enwin,AA:  CR Ext Gen En
16400827,AA: Cust Rltp Ext Gen Maxium,AA: CR Ext Gen Maxm
16400828,AA: Cust Relationships-Amort,AA: Cust Relat-Am
16400829,AA: NHS Intangible Assets,AA: NHS Intangible A
16400831,AA: CustRltp Ext Gen LivC,AA: CR Ext Gen LivC
16400834,AA: Cust Rltp Ext Gen Sears,AA: CR Ext Gen Sears
16400835,AA:Cust Rltp Ext Gen Summit,AA:CR Ext Gen Summit
16400837,AA:Cust Rltp Ext Gen Lennox,AA:CR Ext Gen Lennox
16400838,AA: Cust Rltp Ext Gen NRG,AA: CR Ext Gen NRG
16400839,AA: Cust Rltp Ext Gen Alliance,AA: CR Ext Gen Allin
16400840,AA: Intgbl App SW,AA: Intgbl App SW
16400842,AA:Intngbl Appl SW INTERNAL,AA:Int Appl SW INT
16400843,AA:Cust Rltp Ext Gen Utilebill2,AA:Cust R Utilebill2
16409808,AA: TAS Plumbing (Manual),AA: TAS Plumbing M
16408981,AA:Intgbl Application Software Post CANCO,AA: Intg SW pst CANC
16409813,AA:Field (Manual),AA:Field (Manual)
16409817,AA: Bronco Plumbing (Manual),AA: Bronco Plumbg M
16409824,AA:Cust Rltp Ext Gen RentAHeat (Manual),AA:Cust Rp Ext Gen M
16409840,AA: Intgbl App SW (Manual),AA: Int Ap SW-Man
16409828,AA: Cust Relationships-Amort (Manual),AA: Cust Rlp-Amort M
16409803,AA:Trademark -Amortization (Manual),AA:Trademark -Amrt M
16409898,AA: Intngible asset-CANCO (Manual),AA: Intg asset-C M
17000000,AR - Intercompany Control,AR Interco Control
17000001,Intercompany Receivable (Manual),IC Receivable Manual
17000001,Intercompany Receivable (Manual),IC Receivable Manual
17000001,Intercompany Receivable (Manual),IC Receivable Manual
17000001,Intercompany Receivable (Manual),IC Receivable Manual
17000001,Intercompany Receivable (Manual),IC Receivable Manual
17000001,Intercompany Receivable (Manual),IC Receivable Manual
17000001,Intercompany Receivable (Manual),IC Receivable Manual
17000001,Intercompany Receivable (Manual),IC Receivable Manual
17000001,Intercompany Receivable (Manual),IC Receivable Manual
17000001,Intercompany Receivable (Manual),IC Receivable Manual
17000001,Intercompany Receivable (Manual),IC Receivable Manual
17000001,Intercompany Receivable (Manual),IC Receivable Manual
17000002,I/C Note Receivable (Manual),IC Note Receivable M
17000003,Intercompany Interest Receivable Reliable (Manual),IC Int Rec Relibl M
17000004,Intercompany Receivable Reliable (Manual),IC Recev Reliable M
17009000,"AR - Intercompany FX Adjustment                   ","AR ICO FX Adj       "
19000122,DF:Acq. Costs,DF:Acq. Costs
19010180,IRC: Fx Forward Contract LT,IRC: Fx Forwd CT LT
19010170,IRC: FX Forward Contract ST,IRC: FX Forwd CT ST
19020600,Short-Term Investment,Short-Term Invest
21000001,AP:US Purchases Clearing Acct,AP:US Purchases Clg
21000002,AP:US Purchases Accrued Prod,AP:US Purch Acc Pd
21000003,AP:US Purchases Accrued Duty,AP:US Prch Accr\Duty
21000004,AP:US Purch Accrued Freight-In,AP:US Pch Accr Ft-In
21000005,AP:US Purc Accrued Freight-Out,AP:US Purc Acc Frt-O
21000006,AP:US Purchases Accrued 3 PL,AP:US Prchs Acc 3 PL
21000007,AP:US Purch Accrued Brokerage,AP:US Purch Acc Br
21000010,AP:Trade,AP:Trade
21000011,AP: Trade - non-control acct,AP: Trade-non-crl ac
21000012,AP:Trade Down Payments,AP:Trade Down Paym
21000013,AP:Trade Advance,AP:Trade Advance
21000014,AP:Trade Down Payment Request,Trade Down Paym Req
21000015,AP:Accrd Unvouchered Purchases,AP:Accrd Unvd Pur
21000020,AP:ABIG re Extended Warranties,AP:ABIG re Exd Warr
21000030,AP:Union dues,AP:Union dues
21000040,AP:Garnishees,AP:Garnishees
21000045,AP:EAP Clearing,AP:EAP Clearing
21000046,AP:STD Clearing,AP:STD Clearing
21000050,AP:Defined Benefits Pension,AP:Defined Ben Pen
21000060,AP:CPP-Employer Contribution,AP:CPP-Emplr Contrib
21000065,AP: NHS Customer Rebates,AP: NHS Cust Rebates
21000070,AP:CPP-Employee Contribution,AP:CPP-Emple Contrib
21000080,AP:Income Tax-Employee,AP:Income Tax-Emplee
21000090,AP:EI-Employer Contribution,AP:EI-Empler Contrib
21000100,AP:EI-Employee Contribution,AP:EI-Emplee Contrib
21000110,AP:Charities,AP:Charities
21000120,AP:ESUPP-Employee Contribution,AP:ESUPP-Emplee Cont
21000140,AP:United Way,AP:United Way
21000150,AP:Flex Benefits,AP:Flex Benefits
21000152,AP:Benefits Payable Clrng Acct,AP:Ben Payble Clg Ac
21000154,AP:RSP Payable Clrng Acct,AP:RSP Payable Cg A
21000155,AP:DC Pension,AP:DC Pension
21000300,AP:Unvouchered Receipts (IFS),AP:Unvd Rcts (IFS)
21000410,AP:Payroll Clearing,AP:Payroll Clearing
21000415,AP: Payroll Clearing-Acqd comp,AP: Pay Clg-Acqd com
21000420,AP:Accrued HR Consulting Fees,AP:Accr HR Cons Fees
21000430,AP:Accrued EHT,AP:Accrued EHT
21000435,AP:Accrued EHT (BC Only),AP:Acc EHT(BC Only)
21000465,AP:Accrued Vacation Pay,AP:Acc Vac Pay
21000470,AP:Accrued WSIB,AP:Accrued WSIB
21000471,AP:Accrued WCB-MB,AP:Accrued WCB-MB
21000475,AP:Accrued Incentive-Quarterly,AP:Acc Incentive-Qua
21000480,AP:Accrued Incentive-STIP,AP:Accr Incent-STIP
21000482,AP:Accrued Incentives- LTIP,AP:Accr Incent- LTIP
21000484,AP:Accrued Incentives -EVIP,AP:Accr Incen -EVIP
21000485,AP:Accrued Severance,AP:Accrued Severance
21000486,AP: Acquired Accrued YE Bonus,AP: Acq Acc YE Bonus
21000490,AP:Accrued Audit/Consltng Fees,AP:Accr Adt/Con Fes
21000495,DIST:Accrued Cash Distribution,DIST:Accr Cash Dist
21000515,AP:PST Payable for Manitoba,AP:PST Payle for Man
21000545,AP:QST Payable for Quebec,AP:QST Payablefor QC
21000530,AP:PST Payable for Sask.,AP:PST Pay  Sask.
21000540,AP:PST Payable - B.C.,AP:PST Payable -B.C.
21000555,AP:GST/HST Payable,AP:GST/HST Payable
21000560,AP:GST/HST Payable ITC,AP:GST/HST Pay ITC
21001010,AP:ESUPP-Employer Contribution,AP:ESUPP-Empler Cont
21004104,AP:Accrued Wages & Salaries,AP:Acc Wag & Sal
21004106,AP: Accrued Sales Commissions,AP: Accr Sales Comm
21004107,AP:Accrued 4% Vac pay on Sales,AP:Accr 4% Vac py  S
21004108,AP: Accrued Banked Stats Hol,AP: acr Bnked Stts H
21004109,AP: Accrued Banked O/T,AP: acr Banked O/T
21004116,AP:Accrued Broniec Audit,AP:acr Broniec Audit
21004120,AP:Proceeds Clearing - Buyouts,AP:Proceeds Clg - By
21004124,AP:Accrued Acquired HVACs,AP:acr Acquired HVCs
21004126,AP:Accrued Bank Charges,AP:acr Bank Charges
21004127,AP:Accrued Insurance,AP:acr Insurance
21004128,AP:TM UW CasualWear contribtn,AP:TM UW CasalW cont
21004129,AP:Accrued Charges-United Way,AP:acr Charges-UW
21004131,Other Accrued Liabilities,Other acr Liabilitie
21004132,AP:Accrued Vendor Payables,AP:acr Vendor Payabl
21004134,AP:Accrued Kubra Billing,AP:acr Kubra Billing
21004135,AP:Stale Dated Cheques,AP:Stale Dated Chq
21004138,AP: Hydro Soln clearing acct,AP: Hydro Soln clg a
21004305,AP:Accrued Ryan Tax Audit,AP:Accrued Ryan Tax
21004310,AP: Payout to RH&A - ST,AP: Payt to RH&A -ST
21004512,AP: BMO Corp Card Clearing,AP: BMO Crp Card Clg
21009000,"AP - FX Adjustment Revaluation                    ","AP-FX Adjust reval  "
22000025,AP:Self Ins-Curr Port Warr Acr,AP:Slf Is-Cu P War A
22000026,AP:Warranty Accr non-control,AP:War Accr non-ct
22000133,AP:Warranty - Short Term,AP:Warty -Short Term
22000160,OLTL:Warranty - Long Term,OLTL:Warranty - LT
23000515,AP:Tax Payable-OCT,AP:Tax Payable-OCT
24000100,AP:Accrued Legal Fees,AP:Accr Legal Fees
24000101,AP:Accrued Legal&Expert Witnss,AP:Accr Le&Exrt Witn
24000102,AP: Accrued Settlement Payment,AP: Accr Sett Pay
24000103,AP: Accrued Goodwill Payment,AP: Accr GW Payment
24005099,Preferred Share Liability,Preferred Share Liab
24013300,AP: Lease Liability-LT,AP: Lease Liabil-LT
24013310,AP: Lease Liability-ST,AP: Lease Liabil-ST
24013320,AP: Lease Liabilit (Build)- ST,AP: Lese Liab(Bd)-ST
24013330,AP: Lease liability (Build)-LT,AP: Lese liab(Bd)-LT
24035102,AP:Accr Fees-Cr Facility $325M,AP:Accr Fee-CF 325M
24035105,AP:Accr Int on I/C loan NEC,AP:Accr Int I/C NEC
24066000,GLSU Balancing Account,GLSU Balancing Acc
24067000,Blackline Balancing Account,BL Balancing Acc
24068000,Interf Balancing Acc,Interfaces Balancing Account
25000005,UER: Unearn Revenue-Acquireds,UER: Unearn Rev-Acq
25000010,UER: Customer Default Deposits,UER: Cur Default De
25000020,UER:WIP accounts,UER:WIP accounts
25000023,UER: WIP Furnace Rental,UER: WIP Furnace Ren
25000025,UER:WIP account - OHE W/H,UER:WIP ac - OHE W/H
25000027,UER:WIP Account- CPP,UER:WIP Account- CPP
25000028,UER:Commercial CPP-Banner Bill,UER:Coml CPP-Banr Bl
25000032,UER:Water Softeners,UER:Water Softeners
25000033,UER:Smart Homes,UER:Smart Homes
25000040,UER: Customer Deposits,UER: Customer Dep
25000047,UER:Police Permit - Clearing,UER:Police Per -Clg
25000048,UER:Carbon Offse,UER:Carbon Offse
25000049,UER:Sec.OneTimeBilling-Clearng,UER:Sec.OneTeBlg-Clg
25000075,UER:CPP cost to service-acqs,UER:CPP ct to s-acqs
25010150,FBL: Non Pension Liability,FBL: Non Pension Lia
25010200,PA:UGL-Bargaining Unit (CEP) P,PA:UGL-Barg Ut(CEP)P
25010210,PA:Pension Choices,PA:Pension Choices
25010220,PA:Mgmt & Sprvsry Pension Plan,PA:Mgmt &Sprvy Pn Pl
25010230,PA:CGO-Group One (USWA) Pensio,PA:CGO-Grp One Pen
25010240,PA:Central Gas Salaried,PA:Central Gas Sald
25010250,PA:CGO-Group Three (CEP) Pensi,PA:CGO-Grp 3 (CEP)Pn
25010280,PA:Supplemental Plan,PA:Supplemental Plan
25020170,IRC: FX Forward Contract ST,IRC:Derivative Liab
25020180,IRC: FX Forward Contract LT,IRC: FX Forward Cont
26000020,TAX:Future Income Tax,TAX:Future Income Tx
27000000,"AP - Intercompany Control                         ","AP-Interco Control  "
27000001,Intercompany Payable (Manual),IC Payable (Manual)
27000001,Intercompany Payable (Manual),IC Payable (Manual)
27000001,Intercompany Payable (Manual),IC Payable (Manual)
27000001,Intercompany Payable (Manual),IC Payable (Manual)
27000001,Intercompany Payable (Manual),IC Payable (Manual)
27000001,Intercompany Payable (Manual),IC Payable (Manual)
27000001,Intercompany Payable (Manual),IC Payable (Manual)
27000001,Intercompany Payable (Manual),IC Payable (Manual)
27000001,Intercompany Payable (Manual),IC Payable (Manual)
27000001,Intercompany Payable (Manual),IC Payable (Manual)
27000002,I/C Note Payable (Manual),IC Note Payable M
27000003,Intercompany Interest Payable Reliable  (Manual),IC Int Pay Relibl M
27000004,IC Payable Reliable (Manual),IC Payble Reliable M
27000035,"Interacompany Manual                          ",Interacompany Manual
27009000,"AP - Intercompany FX Adjustment                   ","AR ICO FX Adj       "
39000100,RE:Retained Earnings-Opening B,RE:Retained Earg-OB
39000100,RE:Retained Earnings-Opening B,RE:Retained Earg-OB
39000100,RE:Retained Earnings-Opening B,RE:Retained Earg-OB
39000100,RE:Retained Earnings-Opening B,RE:Retained Earg-OB
39000102,RE: Facility Leased Asset Tran,RE: Fac Lesd At Tr
39000106,RE:Capital Distributions- Curr,RE:Capital Dist- Cur
39000110,RE:Current Year Earnings,RE:Current Year Earg
39000122,"RE:CTA-Cumulative Translation Adjustment ","Cum Translation Adj "
39000125,RE:OCI-Fwd Cntrct Hedge Valtn,RE:OCI-Fwd Ct Hedge
39000130,RE:OCI-Pension,RE:OCI-Pension
39000200,RE: Share Premium,RE: Share Premium
39000500,RE:Common Units,RE:Common Units
39000510,RE:Preference Units,RE:Preference Units
39000598,RE: Share Cap-Acquisition,RE: Share Cap-Acq
39001000,RE:Capital Stock,RE:Capital Stock
40000100,REV:Discounts,REV:Discounts
40000200,REV: Goodwill Credits,REV: Goodwill Credit
40000398,REV: Rent Free Revenue-Canco,REV: Rt Free Rev-Can
40000400,REV: Gross Recurring Revenue,Gross Recurring Rev
40000401,REV: Recurring Free Revenue,REV: Recur Free Rev
40000406,REV: Gift Card Promotions,REV: Gift Card Prom
40000411,REV: Recurring Credit Adjustments,REV: Rec Credit Adj
40010100,REV: Gross OneTime Revenue,REV: Grs OneTime Rev
40010200,REV: Administration Fees,REV: Admin Fees
40010210,RENT:Change Fees,RENT:Change Fees
40010225,REV: Finance Contract Interest,REV: Finance Cnt Int
40010230,REV: Finance Payout Fees,REV: Fin Payout Fees
40010232,REV:Finance SAC Accrual,REV:Finance SAC Accr
40010235,REV: Finance Dealer Charges,REV: Finance Dealr C
40010238,REV: Finance Non-SAC Accrual,REV: Fin Non-SAC Acc
40010240,REV: Late Payment Charges,REV: Late Payment Ch
40010250,REV: NSF Cheque Charges,REV: NSF Cheque Cha
40010260,REV: General Charges,REV: General Charges
40010450,REV: Sales of Goods,REV: Sales of Goods
40011270,REV:Legal Letters,REV:Legal Letters
40020202,REV:PRO Accrete Defer Instal,REV:PRO Accrete De
40020203,REV: Admin Fees-Rental Furnace,REV: Admin Fs-Rtl Fr
40020204,REV:CPP cost to service,REV:CPP cost to ser
40020234,REV: Fin Dealer Chg -Security,REV: Fin De Chg -Sec
40020236,REV: UEI Manufacturer Subsidy,REV: UEI Manuf Sub
40020237,REV:Fin Enbrdg Cus Late Py fee,REV:Fin Enbrdg Cus
40020255,REV: NSF Charges - OHE  W/H,REV: NSF Charges
40020261,REV:Sales Serv &Other-Security,REV:Sales Serv &Ot
40020280,REV:Other Chgs-Furnace Rental,REV:Ot Chgs-Furn Ren
40020281,REV:Carbon Offset Revenue,REV:Carb Ofst Reven
40020300,REV: OLSE:Operating Lease Rev,REV: OLSE:Op Lee Rev
40020402,REV: Water Softener Program,REV: Water Soft Prog
40020403,REV:WH Cycle Bill Adjustment,REV:WH Cycle Bil Adj
40020404,REV: Rental Monitoring Revenue,REV: Rental Mnit Rev
40020405,REV: Supervised lines-Sales,REV: Supe lines-Sal
40020407,REV: Leasing,REV: Leasing
40020408,REV: Commercial RHVAC Revenue,REV: Comm RHVAC Rev
40020410,RENT: Rental DWHR,RENT: Rental DWHR
40020415,REV: Patrol Contracts,REV: Patrol Cont
40020420,REV: 9-1-1 & Fire,REV: 9-1-1 & Fire
40020422,REV: Other RMR,REV: Other RMR
40020440,REV: Patrol Calls,REV: Patrol Calls
40020460,REV: Other One Time Billings,REV: Other One T Bi
40020482,REV:Gain on OT Inst DF Rem-Sec,REV:Gain on OT Inst
40020600,R&A Returns,R&A Returns
40020900,REV:Intra-entity,REV:Intra-entity
40020910,REV:Inter-entity,REV:Inter-entity
40020920,Clearing account revenue from asset sale,Clg ac rev Asst sale
40020950,Revenue from Write-Up on Ord. Depreciation Account,Write-Up Revenue
50000175,COGS: RCG COGS (book value),COGS: RCG COGS
50007175,OTH: Warranty Proceeds,OTH: Warranty Procds
51000010,LAB: Labour,LAB: Labour
51000015,LAB: Task Rate,LAB: Task Rate
51000020,LAB: Direct Overtime,LAB: Direct Overtime
51000025,LAB: Task Rate Overtime,LAB: Task Rate Ov
51000030,LAB:Installation Allowance,LAB:Installation All
51000040,LAB:Delivery Expense,LAB:Delivery Expense
51000100,BEN: Benefits,BEN: Benefits
51000103,BEN:D.C. Pension - Dir Lab,BEN:D.C. Pen-Dir Lab
51000104,BEN:D.B. Pension - Dir Lab,BEN:D.B. Pen-Dir Lab
51000105,BEN:Cda Pension Plan - Dir Lab,BEN:Cda Pen Pla -Dir
51000107,BEN:Employment Ins- Dir Lab,BEN:Emp Ins- Dir Lab
51000109,BEN:Health Insurance - Dir Lab,BEN:Hea Ins -Dir Lab
51000111,BEN:WSIB- Dir Lab,BEN:WSIB- Dir Lab
51000113,BEN:Emp. Savings Plan - Dir Lb,BEN:Emp. Sag Plan
51000114,BEN: EAP Dir Lab,BEN: EAP Dir Lab
51000115,BEN:Flexible Benefits - Dir Lb,BEN:Flexible Bene
51000116,BEN:Future NonPension Expense,BEN:Future NonPensio
51000300,NPL: Direct Labour Training,NPL: Direct Labour T
51000305,NPL:Direct Labour-Acq HVACs,NPL:Direct Labour-Ac
51000310,NPL:Direct Labour- Meetings,NPL:Direct Labour- M
51000320,NPL:Direct Labour-Safety Meets,NPL:Direct Labor-S M
51000330,NPL:Direct Labour Vacation,NPL:Direct Labor Vac
51000340,NPL:Direct Labour PPD,NPL:Direct Labour PP
51000350,NPL:Direct Labour Stat Holiday,NPL:Direct Labur S H
51000360,NPL:Direct Labour Banked OT,NPL:Direct Lab Bnk O
51000370,NPL:Direct Labour Sick/Accidnt,NPL:Direct Labour
51000380,NPL:Direct Labour Misc,NPL:Direct Labour Mi
51000390,NPL:Dir Lab Leave of Absence,NPL:Dir Lb Lea of Ab
51000400,NPL:Dir Lab Training Installer,NPL:Dir Lab Traig In
51000410,NPL:Dir Lab-Meetings Installer,NPL:Dir Lab-Mets Ins
51000420,NPL:Dir Lab-Safety Mts Instalr,"NPL:Dir Lab-Safety "
51000430,NPL:Dir Lab Vacation Installer,NPL:Dir Lab Vacation
51000440,NPL:Dir Lab PPD Installer,NPL:Dir Lab PPD Ins
51000450,NPL:Dir Lab Stat Hol Installer,NPL:Dir Lab Stat Hol
51000460,NPL:Dir Lab Banked OT Installr,NPL:Dir Lab Banke
51000470,NPL:Dir Lab Sick/Acdnt Instalr,NPL:Dir Lab Sick/Ac
51000480,NPL:Dir Lab Misc Installer,NPL:Dir Lab Misc In
51000490,NPL:Dir Lab LOA Installer,NPL:Dir Lab LOA Inst
51000500,BEN: Benefits Installer,BEN: Benefits Instal
51000503,BEN:D.C Pension Installer,BEN:D.C Pension Ins
51000504,BEN:D.B. Pension Installer,BEN:D.B. Pension Ins
51000505,BEN:Cda Pension Plan Installer,BEN:Cda Pension Plan
51000507,BEN:Employment Ins Installer,BEN:Employment Ins I
51000509,BEN:Health Insurance Installer,BEN:Health Insurance
51000511,BEN:WSIB Installer,BEN:WSIB Installer
51000513,BEN:Emp Savings Plan Installer,BEN:Emp Savings Plan
51000514,BEN:Emp EAP Installer,BEN:Emp EAP Installe
51000515,BEN:Emp Flex Benefits Installr,BEN:Emp Flex Benefit
51000516,BEN: Emp Future NonPen Instalr,BEN: Emp Future N
51000630,BEN:Short-term disability Prem,BEN:Short-term disab
51000640,BEN: ST disability Prem Instlr,"BEN: ST disability "
52000010,MAT:Supervised Lines & Service,MAT:Supervised Lines
52000015,MAT: Telecom & Data,MAT: Telecom & Data
52000020,"MAT: Sales, Tender & Install","MAT: Sales, Tender"
52000030,MAT: Vehicle Costs,MAT: Vehicle Costs
52000032,MAT: Dealer Royalties,MAT: Dealer Royaltie
52000034,MAT:Central Station Costs Dist,MAT:Central Station
52000040,MAT:Lost tank paid to Competit,MAT:Lost tank paid
52000100,MAT: Materials Finished Goods,MAT: Materials F G
52000101,MAT: COGS - Security,MAT: COGS - Security
52000105,MAT:Materials STS Parts,MAT:Mat STS Parts
52000110,MAT: Materials One Time Parts,MAT: Mat One Time Pt
52000120,MAT: Inventory Provision,MAT: Inventory Prov
52000125,MAT: Inv Provsn (ifs transtn),MAT: Inv Provsn
52000130,MAT: Redeployed Tank Repair,MAT: Redeployed T
52000140,MAT: Purchase Price Variance,MAT: Purch Price Var
52000145,MAT:Shipping Discounts,MAT:Shipping Discoun
52000150,MAT:Freight Charges,MAT:Freight Charges
52000155,MAT: Materials Consumables,MAT: Materials Cons
52000156,MAT: Consumables Clearing,MAT: Consumables Clg
52000160,MAT: Vendor Discount Earned,MAT: Vendor Dis Ead
52000170,MAT: Mat'l Costs Promo Items,MAT: Mat'l Costs Pr
52000180,MAT: Fastfrate delivery charge,MAT: Fastfrate del
52005120,INC:Direct Labour Incentives,INC:Direct Labour In
52005125,INC:Direct Lab Prospect Bonus,INC:Direct Lab Prosp
52005150,INC: Prospect Bonus,INC: Prospect Bonus
53000010,TP: Tankless Pre-inspection Ch,TP: Tanks Pre-ins Ch
53000015,TP:Water Softener Program,TP:Water Softener Pr
53000020,TP: Installation Expense,TP: Installation Exp
53000021,TP: Pre-Inspection Cost,TP: Pre-Inspec Cost
53000025,TP: Third Party Labour,TP: Third Party Labo
53000030,TP: Delivery,TP: Delivery
53000031,TP:Builder Delivery,TP:Builder Delivery
53000035,TP: Third Party Parts,TP: Third Party Part
53000036,TP: Property Mgmt Allowances,TP: Property Mgmt Al
53000045,TP:Third Party Labour- Builder,TP:Third Party Labou
53000050,TP: Extended Warranty,TP: Extended Warrant
53000052,TP: Warranty - Sp. Projects,TP: Warranty - Sp. P
53000053,TP:Warranty - Dip Tube,TP:Warranty - Dip Tu
53000054,TP:Warranty - Rheem,TP:Warranty - Rheem
53000055,TP:Warranty - GSW,TP:Warranty - GSW
53000060,TP:WH Repair Exp.,TP:WH Repair Exp.
53000061,TP: 3rd Party Labour-Security,TP: 3rd Party Labour
53000065,TP: Telemarketer Install Allow,TP: Telem Install Al
53000070,TP:Furnace Lien Costs,TP:Furnace Lien Cost
53000075,TP: Third Party Install Allow,TP: Third Party Inst
53000078,TP: Contractor Claw Back,TP: Contr Claw Back
53000080,TP: Customer Reimbursement,TP: Customer Reimb
53000085,TP: D2D Install Allowance,TP: D2D Install Allo
53000090,TP:Third Party Commissions,TP:Third Party Comm
53001000,MISC: Carbon Offset Cost,MISC: Carbn Ofst Cst
60000005,SW:Admin Salaries-Acq HVACs,SW:Admin Salares-Acq
60000010,SW:Management/Supervisory,SW:Management/Super
60000015,SW:Directors Fees/Remuneration,SW:Director Fees/Rem
60000016,SW:Unit Compensation,SW:Unit Compensation
60000030,SW:Clerical,SW:Clerical
60000040,SW:Hourly Wages,SW:Hourly Wages
60000050,SW:Sales,SW:Sales
60000060,SW:Overtime,SW:Overtime
60000070,SW:Premium,SW:Premium
60000080,SW:Commissions,SW:Commissions
60000090,SW:Casual Temporary,SW:Casual Temporary
60000100,SW:Salary Continuance,SW:Salary Contin
60000101,G&A:Gen/Admin Costs-Security,G&A:Gen/Admn Costs-S
60000105,SW:Labor & Benefits Transferrd,SW:Labor & Bnefit Tr
60000110,SW:Severance Costs,SW:Severance Costs
60000130,INC:Prospect Bonus,INC:Prospect Bonus
60000140,INC:Year End Bonus,INC:Year End Bonus
60000145,INC:Incentive Payments,INC:Incentive Paymen
60000150,INC:LTIP,INC:LTIP
60000155,INC:Incentives EVIP,INC:Incentives EVIP
60000160,INC:Lead Generation Incentives,INC:Lead Generation
60000170,INC: Gregg's YE Bonus,INC: Gregg's YE Bonu
60000415,BEN:Future NonPension Expense,BEN:Future NonPensin
60000420,BEN:Defined Contribution Pensn,BEN:Defined Contribu
60000421,BEN:Defined Benefit Pension,BEN:Defined Beneit P
60000425,BEN:D.C. Pension - Sales,BEN:D.C. Pen -Sales
60000450,BEN:Benefits SGA-Acq HVACs,BEN:Benefits SGA-Acq
60000500,BEN:Canada Pension Plan,BEN:Canada Pensin Pl
60000505,BEN:Cda Pension Plan - Sales,BEN:Cda Pen Plan - S
60000510,BEN:Employment Insurance,BEN:Employment Ins
60000515,BEN: Employment Ins.- Sales,BEN: Empl Ins.- Sale
60000520,BEN: Employer Health Tax,BEN: Empl Health Tax
60000525,BEN: Employer Health Tax-Sales,BEN: Emplr Health Tx
60000527,BEN:EHT (BC Only),BEN:EHT (BC Only)
60000530,BEN:WSIB,BEN:WSIB
60000535,BEN: WSIB - Sales,BEN: WSIB - Sales
60000600,BEN:Life Insurance and AD&D,BEN:Life Insurance
60000610,BEN:Major Medical,BEN:Major Medical
60000620,BEN:Long Term Disability,BEN:Long Term Disab
60000630,BEN:STD Premiums,BEN:STD Premiums
60000640,BEN:Sick Pay,BEN:Sick Pay
60000670,BEN: Employee Saving/Unit PP,BEN: Employee Saving
60000675,BEN:Empl. Saving/Unit PP-Sales,BEN:Empl. Saving/U
60000680,BEN:Employee Assistance Plan,BEN:Employee Assist
60000690,BEN:Company Medical,BEN:Company Medical
60000700,BEN:Flexible Benefits,BEN:Flexible Benefit
60000705,BEN:Flexible Benefits - Sales,BEN:Flex Ben - Sales
60000710,BEN:Excess Flex Credits,BEN:Excess Flex Cr
60000800,NPL:NPL Training,NPL:NPL Training
60000810,NPL:NPL Company Meetings,NPL:NPL Company Me
60000820,NPL:NPL Safety Meetings,NPL:NPL Safety Me
60000830,NPL:NPL Vacation,NPL:NPL Vacation
60000840,NPL:NPL Paid Personal Days,NPL:NPL Paid Person
60000850,NPL:NPL Statutory Holidays,NPL:NPL Statutory H
60000860,NPL:NPL Banked Overtime,NPL:NPL Banked Overt
60000870,NPL:NPL Sickness/Accidents,NPL:NPL Sickness/Ac
60000880,NPL:NPL Miscellaneous,NPL:NPL Miscellaneou
60000890,NPL:NPL Leave of Absence - Uni,NPL:NPL Leave of Ab
74100000,DEP: AFDA,DEP: AFDA
62000010,EMP:Meals and Entertainment,EMP:Meals and Entert
62000011,EMP:Meals&Enter.-Employee Exps,EMP:Meals&Enter.-Emp
62000020,EMP:Accommodations,EMP:Accommodations
62000030,EMP:Airfare,EMP:Airfare
62000040,EMP:Transportation,EMP:Transportation
62000050,EMP:Car Rental Expense,EMP:Car Rental Expen
62000060,EMP:Mileage Only,EMP:Mileage Only
62000062,EMP: Mileage over 5000 KM,EMP: Mileage over
62000070,EMP:Moving/Relocation Expenses,EMP:Moving/Relocat
62000075,EMP:Employee Licenses,EMP:Employee Licens
62000080,EMP:Boots and Safety Glasses,EMP:Boots and Safety
62000090,EMP:Uniforms,EMP:Uniforms
62000095,EMP: Cellphone Allowance,EMP: Cellphone Allow
62000100,TRN:Training and Conferences,TRN:Training and Con
62000110,TRN:Education,TRN:Education
62000120,TRN:Association/Membership Due,TRN:Association/Memb
62000130,TRN:Health and Safety,TRN:Health and Safet
62000140,TRN:Training Materials,TRN:Training Materia
62000200,COMP:Materials and Supplies,COMP:Materials
62000210,IT: Computer Software,IT: Computer Softwar
62000220,IT: Computer Hardware,IT: Computer Hardwar
62000230,IT:Offsite Storage,IT:Offsite Storage
62000235,IT:Offsite Processing,IT:Offsite Processin
62000240,IT:Hardware Maintenance,IT:Hardware Mainten
62000250,IT:Operating System Maint,"IT:Operating System "
62000254,IT:Infrastructure Cost-IT Only,IT:Infr Cost-IT Only
62000255,IT:Infrastruture Costs,IT:Infrastruture Cos
62000256,IT:Compugen ex-Contract,IT:Compugen ex-Contr
62000260,IT:Software Maintenance,IT:Software Maintena
62000261,IT:Sol Software Maintenance,IT:Sol Software Main
62000262,IT:Sol Maintenance ex-Contract,IT:Sol Maintenance
62000264,IT: Computer Leases - IT Only,IT: Computer Leases
62000265,IT: Infrastructure Leases,IT: Infr Leases
62000400,SCRAP:Equipment,SCRAP:Equipment
62000420,SCRAP:General Material,SCRAP:General Materi
62000500,TRAN:Fuel,TRAN:Fuel
62000501,TRAN: Fuel Acquisitions,TRAN: Fuel Acquisit
62000510,TRAN:Repairs & Maintenance,TRAN:Repairs & Maint
62000525,TRAN:Insurance/License/Permits,TRAN:Insurance/Licen
62000530,TRAN:Lease Costs,TRAN:Lease Costs
62000550,TRAN:Other,TRAN:Other
62000600,OUT:Consulting Fees,OUT:Consulting Fees
62000601,OUT:Resources Proj Edison,OUT:Res Proj Edison
62000612,OUT:  Training,OUT:  Training
62000632,OUT: Performance Bonus,OUT: Performance Bon
62000637,OUT: Inbound Call Chargeback,OUT: Inbound Cal CB
62000638,OUT:  Inbound calling,OUT:  Inbound callng
62000639,OUT: Call Handling,OUT: Call Handling
62000642,OUT: Data Entry,OUT: Data Entry
62000651,OUT:Banner Securitization DB,OUT:Banner Secu DB
62000652,OUT: Banner Development & Supp,OUT: Banner Dev & Su
62000653,OUT: Banner Rpt/Test Database,OUT: Banner Rpt/Test
62000654,OUT: Banner Hosting Services,OUT: Banner Hosting
62000655,OUT:Bill Fufillment,OUT:Bill Fufillment
62000656,OUT:Remittance Processing,OUT:Remittance Proc
62000657,OUT:  Outbound calling,OUT:  Outbound callg
62000665,OUT:Payroll Administration.,OUT:Payroll Administ
62000667,OUT:Administration Charges,OUT:Administration C
62000668,OUT:Service Contractors,OUT:Service Contract
62000669,OUT: External Commissions,OUT: External Comm
62000675,OUT:External Audit,OUT:External Audit
62000676,OUT: Internal Audit,OUT: Internal Audit
62000685,OUT:Collection Fees,OUT:Collection Fees
62000690,OUT:Credit Checks,OUT:Credit Checks
62000700,OUT:Recruitment/Agency,OUT:Recruitment/Agen
62000710,OUT:Registrar and Transfer Age,OUT:Registrar and Tr
62000716,OUT: Board of Director Expense,OUT: Brd of Dir Exp
62000720,OUT:  Misc Financial Fees,OUT:  Misc Finl Fees
62000725,OUT:  Customer Care,OUT:  Customer Care
62000726,OUT:Enbrg/OH Collection Fee,OUT:Enbrg/OH Coln Fe
62000728,SaskEnergy Collection Fee,SaskEnergy Coln Fee
62000730,BANK:Bank Service Chgs & Other,BANK:Bank Service C
62000757,OUT: Outbound dialing chargebk,OUT: Outbound daling
62000800,INS:Insurance Expenses,INS:Insurance Expen
62007800,OTH:Accolade Acq. Costs,OTH:Accolade Acq. Co
62008050,INS: Self Insurance Deductible,INS: Self Insurance
62009000,MISC:Deductible Donations,MISC:Deductible Don
62009100,MISC:Non-Deductible Donations,MISC:Non-Deductib
62010602,OUT: Legal Settlement Expense,OUT: Legal Sett Exp
62010603,OUT: Legal Goodwill Payment,OUT: Legal GW Pay
62010604,OUT: Legal Union Grievances,OUT: Legal Union Gri
62010610,OUT:Legal Expenses,OUT:Legal Expenses
62020300,COMM:Fax Services,COMM:Fax Services
62020301,COMM: Communication Acqds,COMM: Communic Acqds
62020302,COMM:Internet Services,COMM:Internet Servic
62020304,COMM:Consulting Services,COMM:Consulting Serv
62020305,COMM:Management Fees,COMM:Management Fees
62020310,COMM:Cellular Service,COMM:Cellular Servic
62020311,COMM:Cellular Service-Emp. Exp,COMM:Cellular Serv
62020312,COMM:Pager Service,COMM:Pager Service
62020320,COMM:IBL Charges,COMM:IBL Charges
62020322,COMM:Long Distance Charges,COMM:Long Distance C
62020340,COMM:Teleconferencing,COMM:Teleconferencig
62020342,COMM:Toll Free Usage,COMM:Toll Free Usage
62020350,COMM:Equipment Costs,COMM:Equipment Costs
62020352,COMM: Leases,COMM: Leases
62020354,COMM:MAC's,COMM:MAC's
62020356,COMM:Cabling,COMM:Cabling
62020357,COMM:Software Purchases,COMM:Software Purch
62020358,COMM:Hardware Purchases,COMM:Hardware Purcha
62020359,COMM:Remote Access,COMM:Remote Access
62020360,COMM:Hardware Maintenance,COMM:Hardware Maint
62020365,COMM:Software Maintenance,COMM:Software Maint
62020367,COMM: Repairs,COMM: Repairs
62020368,COMM:Voice Circuits,COMM:Voice Circuits
62020370,COMM: Data Circuits,COMM: Data Circuits
62020375,COMM:Comm Exp-Acq HVACs,COMM:Comm Exp-Acq HV
63000050,A&P:New Acquisition,A&P:New Acquisition
63000100,A&P: B2B Advertising,A&P: B2B Advertising
63000110,OFF:Printing,OFF:Printing
63000200,A&P: TV,A&P: TV
63000300,A&P: Radio,A&P: Radio
63000340,A&P:Photo Library,A&P:Photo Library
63000400,A&P: Subcontractor incentives,A&P: Subcontractor
63000500,A&P: Direct Mail/FSI,A&P: Direct Mail/FSI
63000550,A&P: Email,A&P: Email
63000600,A&P: Newspaper/Magazine,A&P: Newspaper/Magaz
63000700,A&P:Direct Mktng-Tech leave bd,A&P:Direct Mktng-Tec
63000750,A&P: Digital,A&P: Digital
63000800,A&P Outside Service,A&P Outside Service
63000850,A&P: Workperks,A&P: Workperks
63000900,A&P: Local Marketing,A&P: Local Marketing
63001000,A&P: Search,A&P: Search
63001100,A&P: Yellow Pages,A&P: Yellow Pages
63001200,A&P:Digital Production,A&P:Digital Prod
63001300,A&P: Tech incentives,A&P: Tech incentives
63001350,A&P: Tech incentives - other,A&P: Tech inc - oth
63001400,A&P: Out of Home Advertising,A&P: Out of Home Adv
63001450,A&P:Customer Experience Survey,A&P:Customer Experie
63001470,"A&P:SEO,Analytics,Reporting","A&P:SEO,Analytics,Re"
63001550,A&P:Social&Reputation Mgmt,A&P:Social&Rep Mgmt
63001600,A&P:Miscellaneous,A&P:Miscellaneous
63002000,A&P: Home Shows/Events,A&P: Home Shows/Even
63002010,A&P:Home Shows/Events-Collater,A&P:Home Shows/Event
63002020,A&P: CP24,A&P: CP24
63002510,"A&P:Website Dev,Maint&Hosting","A&P:Website Dev,Main"
63002520,A&P: Uniforms & Briefcases,A&P: Uniforms & Bri
63002530,A&P: Support materials,A&P: Support materi
63002540,A&P: WH Stickers,A&P: WH Stickers
63002550,A&P:Email Production/Dev,A&P:Email Prod/Dev
63002570,A&P: Sponsorships,A&P: Sponsorships
63002580,A&P: Public Relations,A&P: Public Relation
63002590,A&P: Support software,A&P: Support softwar
63002600,A&P: Analytics,A&P: Analytics
63002610,A&P: Research,A&P: Research
63002630,A&P: Consulting,A&P: Consulting
63002640,A&P: Builder Mrktng Initiative,A&P: Builder Mrktng
63002650,A&P:Conversion Optimiz Tactics,A&P:Conversion Optim
63002660,A&P: Customer Retention,A&P: Customer Retent
63002670,A&P:Reactive Tactics,A&P:Reactive Tactics
63002680,A&P: RISA-Customer Retention,A&P: RISA-Customer
63002690,A&P:PAP/CPP Sign Up Incentives,A&P:PAP/CPP Sign Up
63002700,A&P:Brand Awareness,A&P:Brand Awareness
63002710,A&P:Life Cycle Mgmt,A&P:Life Cycle Mgmt
63002720,A&P:Growth Initiatives,A&P:Growth Initiat
63002990,A&P: CO-OP Recovery,A&P: CO-OP Recovery
63003050,FIN:Vendor Interest Charges,FIN:Vendor Interest
63003100,FIN:Bad Debt Prov-Rent&Finance,FIN:Bad Debt Prov-R
63003250,FIN:Bad Debt Provision,FIN:Bad Debt Provis
63004100,WARR:Equipment-WH Recovery,WARR:Equipmnt-WH Rec
63004200,WARR:Parts,WARR:Parts
63004300,WARR:Parts&Labour Recovery,WARR:Parts&Labour R
63004500,WARR:Gen Material Recovry WH,WARR:Gen Material Re
63006310,OUT:Performance Bonus-Razorpts,OUT:Performance Bon
64000115,Printing - Contract Forms,Printing - Cot Forms
64000120,OFF:Office Supplies,OFF:Office Supplies
64000130,OFF:Postage,OFF:Postage
64000140,OFF:Courier/Delivery,OFF:Courier/Delivery
64000150,OFF:Rental Office Equipment,OFF:Rental Office Eq
64000165,GEN:Off Equip Repair & Maint.,GEN:Off Equip Repair
64000170,OFF:Subscriptions,OFF:Subscriptions
64000175,GEN:Gen Office-Acq HVACs,GEN:Gen Office-Acq H
64000180,MISC:Permits/Certificates,MISC:Permits/Certif
64000250,GEN:Building Maintenance,GEN:Building Maint
64000290,MISC:Small Tools Repairs&Maint,MISC:Small Tools
64000300,MISC:Other miscellaneous,MISC:Other miscel
64000304,MISC:PST Commision-Regina,MISC:PST Commision-R
64000310,MISC: Customer Adjustment Acct,MISC: Customer Adjus
64000311,MISC: Management Fees,MISC: Management Fes
64000312,MISC: No Frustration Guarantee,MISC: No Frustration
64000313,MISC: Next Day Install Guarant,MISC: Next Day Inst
64000314,MISC: OPA Rebate Guarantee,MISC: OPA Rebate Gu
64000320,GEN:Rental Cap Cost Recovery,GEN:Rental Cap Cost
64000322,GEN:Rent Cap Cost Rec - Labour,GEN:Rt Cap C Rc - Lr
64000330,MISC: Cash over / under,MISC: Cash over / un
64000800,MISC: Union Strike Costs,MISC: Union Strike C
64005100,G&A:Vendor Interest Charges,G&A:Vendor Interest
64005110,G&A:Vol Rebate - Commissions,G&A:Vol Rebate - Com
64010190,FAC:Storage,FAC:Storage
64010200,FAC:Building Lease/Rent,FAC:Building Lease/R
64010201,FAC: Parking,FAC: Parking
64010202,FAC:Building Lease IFRS 16 CR,FAC:Build Les IFRS
64010210,FAC:Security,FAC:Security
64010220,FAC:Janitorial Services,FAC:Janitorial Serv
64010230,FAC:Building Supplies,FAC:Building Supplie
64010240,FAC: Building Repairs & Maint,FAC: Buil Rer & Mt
64010260,UTIL:Gas,UTIL:Gas
64010270,UTIL:Water,UTIL:Water
64010280,UTIL:Hydro,UTIL:Hydro
64010281,UTIL:  Utilities Acqrds,UTIL:  Utilis Acqrds
64010720,FAC: Property Tax,FAC: Property Tax
70000010,TAX: Filing Tax Fee,TAX: Filing Tax Fee
70000030,TAX:Capital Tax,TAX:Capital Tax
70000515,INCTAX: OCT,INCTAX: OCT
70000521,INCTAX: LCT (Security),INCTAX: LCT (Secu)
70000530,TAX:Future Tax Provision,TAX:Future Tax Prov
70000531,TAX:Tax Provision (IFRS 16),TAX:Tax Provision
70000598,TAX: Tax - Acquisition,TAX: Tax - Acquisit
73000100,Interest on Short-Term Debt,Interest on Short-T
73000101,Other Interest - Security,Other Interest - Sec
73000102,Other Interest,Other Intere
73000105,LTINT:Interest I/C Loan to NEC,LTINT:Interst I/C Ln
72000106,Other Interest-Fwd Contract FV,Other Interet-Fwd Cn
73000110,STINT:Non-Deductible Interest,STINT:Non-Deductible
73000130,AMORT:Long term Def Fin Costs,AMORT:Long term Def
73000131,AMORT:Short term Def Fin Costs,AMORT:Short term Def
73000136,Other Financing Costs (Budget),Other Financing Cost
73000137,AMORT:Basis adj US$250M,AMORT:Basis adj US$
73000138,AMORT:Basis adj US$100M,AMORT:Bas adj US$
73000141,Interest-Long Term(Security),Interest-Long Term
73000142,Interest on USD $185 M,Int on USD $185M
73000143,Interest on USD $ 69 M,Int on USD $ 69M
73000150,Other Financing Costs,Other Financing Cost
73000151,Interest on US$250M &$100M LTD,Interest on US$250
73000152,LTINT:Int on embd opt US$250M,LTINT:Int EO US$250M
73000153,LTINT:Int on embd opt US$100M,LTINT:Int EO US$100M
73000300,INT: Leased Capital Assets,INT: Leased Capit
73000320,INT: Leased Buildings,INT: Leased CA
74000010,DEP:Vehicles,DEP:Vehicles
74000020,DEP:Tools,DEP:Tools
74000030,"DEP:Furniture, Fixtures and Of","DEP:Furniture, Fixt"
74000050,DEP:Leasehold Improvements,DEP:Leasehold Imp
74000080,DEP:Computer Hardware,DEP:Computer Hard
74000085,DEP:Hndhld/Trdshw Bth 3 yrs SL,DEP:Hndhld/Trdshw Bt
74000110,DEP:Communications Equipment,DEP:Communication Eq
74000120,DEP:Warehouse Equipment,DEP:Warehouse Eq
74000130,DEP:Fixed Assets,DEP:Fixed Assets
74100502,DEP:Res RWH-Gas PV,DEP:Res RWH-Gas PV
74100504,DEP:Res RWH-Gas DV,DEP:Res RWH-Gas DV
74100506,DEP:Res RWH-Gas CV,DEP:Res RWH-Gas CV
74100550,DEP:Res RWH- Heating,DEP:Res RWH- Heating
74100560,DEP:Comm RWH-Gas Tanks,DEP:Comm RWH-Gas T
74100562,DEP:CommReco WH-GasTanks,DEP:CommReco WH-GasT
74100575,DEP:Electric RWH- New Tanks,DEP:Elect RWH-NewT
74100585,DEP:Rental HVAC-Air Conditionr,DEP:Rentl HVAC-Air C
74100590,DEP:Rental HVAC-Furnaces,DEP:Rental HVAC-Furn
74100595,DEP:Rental HVAC-Other,DEP:Rental HVAC-Ot
74100630,DEP: Smart Home,DEP: Smart Home
74200829,DEP:HVAC Cust Rltp Int Gen,DEP:HVAC Cust Rlp IG
74200833,DEP:CustRltp IntGen Comm,DEP:CustRltp IntGn C
74200836,DEP:Prop Mgmt Retention Allowa,DEP:Prop Mgmt tn All
74308000,DEP: Leased Capital Assets-SGA,DEP: Leased C A-SGA
74300310,"DEP: Leased Capital Assets-COS ",DEP: Leased Ca A
74318100,DEP: Leased Buildings,DEP: Leased Building
74400813,AMORT: Field,AMORT: Field
74400803,AMORT:Trademarks,AMORT:Trademarks
74400808,AMORT: TAS Plumbing,AMORT: TAS Plumbing
74400809,AMORT: Simply Smart,AMORT: Simply Smart
74400815,AMORT: Simply Energy,AMORT: Simply Energy
74400817,AMORT: Bronco Plumbing,AMORT: Bronco Plumb
74400819,AMORT:Simply Green Crown Crest,AMORT:Simply Gren CC
74400820,AMORT:Dealer & Builder Relnships,AMORT:Delr & Bld Rlp
74400821,AMORT: Cust Rltp Ext Genesis,AMORT: CR Ext Gen
74400822,AMORT: Cust Rltp Ext Gen Viva,AMORT: CR Ext Gen Vi
74400823,AMORT: Cust Rltp Ext Gen Utile,AMORT: CR Ext Gen Ut
74400824,AMORT:Cust Rltp Ext Gen RentAH,AMORT:CR Ext Gen RnH
74400825,AMORT:Ciust Rltp Ext Gen Enwi,AMORT:CR Ext Gen Enw
74400826,AMOR: Cust Rltp Ext Gen Enwin,AMOR: CR Ext Gen En
74400827,AMORT:Cust Rltp Ext Gen Maxium,AMORT:CR Ext Gen Mxm
74400829,AMORT:NHS Intangible Assets,AMORT:NHS IA
74400831,AMORT:CustRltp ExtGen LivClean,AMORT:CR ExtGen LC
74400834,AMORT: Cust Rltp Ext Gen Sears,AMORT: CR Ext Gen S
74400835,AMORT:Cust Rltp Ext Gen Summit,AMRT:CR Ext G Summit
74400837,AMORT:Cust Rltp Ext Gen Lennox,AMORT:CR Ext Gen Len
74400838,AMORT: Cust Rltp Ext Gen NRG,AMORT: CR Ext Gn NRG
74400839,AMORT:CustRltp ExtGen Alliance,AMORT:CR ExtGn All
74400840,AMORT:Application Software,AMORT:App Software
74400842,AMORT:Intngbl Appl SW INTERNAL,AMORT:I Appl SW INT
74400802,AMORT: IFS Project Phoenix,AMORT: IFS Pro Phx
74400828,AMORT:Customer Base,AMORT:Customer Base
74400898,AMORT: Intngbl Asset-CANCO,AMORT: IA-CANCO M
74400843,AMORT: Cust Rltp Ext Gen Utilebill2,AMORT:CR Ext Gen Ut2
74408981,AMORT::Intgbl Application Software Post CANCO,AMORT:Int Ap S P CAN
75000100,OTH:Proceeds - Non Rental FA,OTH:Proceeds - No
75000105,OTH:NBV - Non Rental FA,OTH:NBV - Non Rental
75000110,OTH:Gain/Loss - Non Rental FA,OTH:Gain/Loss - Non
75000200,OTH: Gain on Reinstalls,OTH: Gain on Reinst
75000215,RENT:Gain or Loss-Furnace Rent,RENT:Gain or L-Fr Rt
75000220,RENT:Gain or Loss,RENT:Gain or Loss
75000222,RENT:Gain or Loss - OHE W/H,RENT:G/L - OHE W/H
75000300,OTH:Gain/Loss-Leased Cap Asset,OTH:Gain/Loss-Leased
75000305,Gain/Loss-Leased Bldg (IFRS16),Gain/Loss-Leased Bld
75000310,OTH:Proceeds Finance Lease,OTH:Proceeds Finance
75000315,OTH:NBV Finance Lease,OTH:NBV Finance Leas
75000465,REV: Net Book Value - Buyouts,REV: Net Book Val- B
75000466,REV: Buyouts Proceeds,REV: Buyouts Proceed
75000470,REV:Gain on Forced Buyouts-Gas,REV:Gn on For Bs-Gas
75000475,REV:Gain on Forced Buyouts-OHE,REV:Gaon Fod Buy-OHE
75000480,REV:Loss on Cust. Relnshp-FA,REV:L Cust. Reshp-FA
75005100,OTH: Loss on Retirements,OTH: Loss on Retirem
75010600,OTH: Loss on Intangibles,OTH: Loss on Intang
75010690,OTH:Loss on IA(Acq post CANCO),OTH:Loss on IA(Acq
76000100,OTH: Earn-out Gain,OTH: Earn-out Gain
79000010,"Realized AR FX Gains                   ",Real  AR FXGain
79000020,"Realized AR FX Losses                  ",Real AR FXLoss
79000030,"Realized AP FX Gains                   ",Real AP FXGain
79000040,"Realized AP FX Losses                  ",Real AP FXLoss
79000050,"Realized Cash and cash equivalents FX Gains     ",Real Casheq FXGain
79000060,"Realized Cash and cash equivalents FX Losses    ",Real Casheq FXLoss
79000070,"Realized Intercompany FX Gains   ",Real Inter FXGain
79000080,"Realized Intercompany FX Losses  ",Real Inter FXLoss
79000100,FX:FX transltn US invtry purch,FX:FX transln US inv
79000210,"Unrealized AR FX Gains                   ",UnReal  AR FXGain
79000220,"Unrealized AR FX Losses                  ",UnReal AR FXLoss
79000230,"Unrealized AP FX Gains                   ",UnReal AP FXGain
79000240,"Unrealized AP FX Losses                  ",UnReal AP FXLoss
79000250,"Unrealized Cash and cash equivalents FX Gains     ",UnReal Casheq FXGain
79000260,"Unrealized Cash and cash equivalents FX Losses    ",UnReal Casheq FXLoss
79000270,"Unrealized Intercompany FX Gains   ",UnReal Inter FXGain
79000280,"Unrealized Intercompany FX Losses  ",UnReal Inter FXLoss
79000290,Unrealized Gain on US $ den. Dbt,Unreal US $ Dbt Gain
79000295,Unrealized Loss on US $ den. Dbt,Unreal US $ Dbt Loss
88888001,Internal Order 1,Internal Order 1
88888880,Legacy Conversion - GL,Lgcy Conv. GL
88888881,Legacy Conversion -AR,Lgcy. Conv- AR
88888882,Legacy Conversion -AP,Lgcy. Conv. AP
88888883,Legacy Conversion -Assets,Lgcy. Conv- Asset
88888884,Legacy Conversion -BANK,Lgcy. Conv- Bank.
88888885,Legacy Conversion -XX,Lgcy. Conv. XX
88888886,Legacy Conversion -Warranty,Lgcy. Conv. XXX
90000000,"Zero Balancing Account                            ",Zero Balancing Acc
90100009,STAT: Acquisitions,Acquisitions
90100010,STAT: Accounts Receivable - Acquired,AR-Acq
90100011,STAT: Inventories - Acquired,Inventories-Acq
90100012,STAT: Prepaid Expenses - Acquired,Prepaid-Acq
90100013,STAT: Other short term assets - Acquired,Other ST asset-Acq
90100014,STAT: Fixed Assets - Acquired,Fixed Assets-Acq
90100015,STAT: Intangibles - Acquired,Intangibles-Acq
90100016,STAT: Other Assets - Acquired,Other Assets-Acq
90100017,STAT: Goodwill - Acquired,Goodwill-Acq
90100018,STAT: Accounts Payable - Acquired,AP-Acq
90100019,STAT: Accrued Liabilities - Acquired,Accrued Liab-Acq
90100020,STAT: Current Portion of Lease Liability - Acquired,ST Lease Liab-Acq
90100021,STAT: Current Portion of Earn-out Liability - Acquired,ST Earnout Liab-Acq
90100022,STAT: Current portion of Provision - Acquired,ST Provision-Acq
90100023,STAT: Current portion of Unearned Revenue - Acquired,ST Unearned Rev-Acq
90100024,STAT: Lease Liability - Acquired,LT Lease Liab-Acq
90100025,STAT: Earn-out Liability - Acquired,LT Earnout Liab-Acq
90100026,STAT: Provision - Acquired,LT Provision-Acq
90100027,STAT: Unearned Revenue - Acquired,LT Unearned Rev-Acq
90100028,STAT: External interest paid,External Int paid
90100031,STAT: Income tax paid,Income tax paid
90100001,CF: Finance Contract-Internal,CF: Finance Contr
90100002,CF: FC-Total,CF: FC-Total
99000001,STAT: Mileage km claimed,STAT: Mileage km cl
99000002,STAT: Mileage km contra,STAT: Mileage km con
79000400,FX:Gain/Loss on US$ Cash Trans,FX:Gain/Loss on
12200520,Investment in RCLP,Investment in RCLP
15400845," IA: Cust Rltp Ext WH Summitt2 ","IA:Cst Rl WH Sumit2 "
15400846," IA: Cust Rltp Ext HVAC Summitt2 ","IA:Ct Rl HVAC Smit2 "
15400847," IA: Cust Rltp Ext CPP Summitt2 ","IA:Cst Rl CPP Smit2 "
15400880,IA:Customer Relationships WH,IA:Cust Relp WH
15400810,IA:Brand,IA:Brand
15400860,"IA: Club Membership (CPP) ","IA: Club Mem CPP "
16400845," AA: Cust Rltp Ext WH Summitt2 ","AA:Cst Rl WH Sumit2 "
16400846," AA: Cust Rltp Ext HVAC Summitt2 ","AA:Ct Rl HVAC Smit2 "
16400847," AA: Cust Rltp Ext CPP Summitt2 ","AA:Cst Rl CPP Smit2 "
16400880,AA:Customer Relationships WH,AA:Cust Relp WH
16400810,AA:Brand,AA:Brand
16400860,"AA: Club Membership (CPP) ","AA: Club Mem CPP "
74400845," Amort: Cust Rltp Ext WH Summitt2 ","Am:Cst Rl WH Sumit2 "
74400846," Amort: Cust Rltp Ext HVAC Summitt2 ","Am:Ct Rl HVAC Smit2 "
74400847," Amort: Cust Rltp Ext CPP Summitt2 ","Am:Cst Rl CPP Smit2 "
74400880,Amort:Customer Relationships WH,Amort:Cust Relp WH
74400810,Amort:Brand,Amort:Brand
74400860,"Amort: Club Membership (CPP) ","Amort: Club Mem CPP "
24025041,DEBT:Sr Note CDN 300M-Def cost,DEBT:Sr NtCDN 300M-D
90100003,STAT: Senior Secured Credit Facilities - Drawings,Sr Sec Cr Fac-Draw
90100004,STAT: Senior Secured Credit Facilities - Repayments,Sr Sec Cr Fac-Repay
90100005,STAT: Senior Secured Notes - Drawings,Sr Sec Notes-Draw
90100006,STAT: Senior Secured Notes - Repayments,Sr Sec Notes-Repay
12200720,Invest in 1925660 Ont Ltd,Inv in 1925660 On Ld
10100700,BK:RBC RLP CAD Confirmed Cash 1069384,"RBC RLP CAD CC "
10100701,BK:RBC RLP CAD Incoming Clearing,RB RLP CAD  In Clg
10100702,BK:RBC RLP CAD Outgoing Clearing,RBC RLP CAD Out Clg
10107010,BK:HSBC RLP Dep Confirmed Cash 29670500001,BK:HSBC RLP  Dep CC
10107011,BK:HSBC RLP Dep Incoming Clearing,HSBC RLP  Dep In Clg
10107012,BK:HSBC RLP Dep Outgoing Clearing,HSBC RLP  Dep Ot Clg
10107020,BK:HSBC RLP USD Confirmed Cash 29670500070,BK:HSBC RLP  USD CC
10107021,BK:HSBC RLP USD Outgoing Clearing,HSBC RLP  USD In Clg
10107022,BK:HSBC RLP USD Incoming Clearing,HSBC RLP  USD Ot Clg
10107100,BK:RBC RLP USD Confirmed Cash 4027223,BK:RBC RLP USD CC
10107101,BK:RBC RLP USD Incoming Clearing,RBC RLP USD In Clg
10107102,BK:RBC RLP USD Outgoing Clearing,RBC RLP USD Out Clg
12200730,Invest in Rel US HldngsI,Inv in Rel US HdngsI
24014400,DEBT: Short Term Loan,DEBT: Short Term Lan
24044424,DEBT:200M Credit Facility,DEBT:200M CF
24044425,DEBT:200M Cr Fac - DefCosts,DEBT:200M CF DefCost
24044426,DEBT:100M Term Loan,DEBT:100M Term Loan
24044427,DEBT:100M Term Loan-DefCosts,DEBT:100M TL DefCost
24024429,DEBT:300M Bridge-DefCosts,DEBT:300M Bridge-Def
24044430,DEBT: 100M Term Loan-PPD,DEBT: 100M TL PPD
24044431,DEBT: 200M Sr Cr Fac-PPD,DEBT: 200M Sr CF-PPD
24025001,DEBT: CDN 400M Notes-Def Costs,DEBT: CDN 400M N-DC
24025002,DEBT: CDN 400M Secured Notes,DEBT: CDN 400M Sec N
24025003,DEBT: CDN 350M Secured Notes,DEBT: CDN 350M Sec N
24025004,DEBT: CDN 350M Notes-Def Costs,DEBT: CDN 350M N-DC
24025005,DEBT:CDN 430M Notes (2020),DEBT:CDN 430M Notes
24025006,DEBT:CDN 430M (2020)-DefCosts,DEBT:CDN 430M N-DC
24025040,DEBT:Senior Sec Notes CDN 300M,DEBT:Ser SC CDN 300M
24025050,DEBT: Sr Sec Notes CDN $200M,DEBT: Sr SN CDN 200M
24025051,DEBT:Sr Note CDN 200M-Def Cost,DEBT: SN CDN 200M DC
24035100,AP:Accrued Fees-Credit Facilty,AP:Accrued Fees-CF
24035101,AP:Accr Int on CDN $400M,AP:Accr Int CDN 400M
24035140,AP:Accr. Int. on CDN $300M,AP:Accr. Int. on CDN
24035141,AP:Accr. Int. on CDN $430M,AP:Accr Int CDN 430M
24035150,AP:Accr. Int. on CDN $200M,AP:Accr Int CDN 200M
24035170,AP:Accr. Int. on CDN $350M,AP:Accr Int CDN 350M
73000139,Interest on CDN $350M,Int on CDN $350M
73000140,Interest on CDN $400M,Int on CDN $400M
73000146,Interest on CDN $325M,Interest on CDN $325
73000147,Interest on CDN $200M,Int on CDN $200M
73000148,Int on Sr Sec Cr Facility,Int on Sr Sec Cr Fac
73000149,Interest on CDN $300M,Int on CDN $300M
73000155,INT: Int on CDN $325M,INT: Int on CDN $325
73000156,Interest on CDN $430M (2020),Int on CDN $430M
73000157,Int on CDN $100M Term Loan,Int on CDN $100M TL
73000158,Int on CDN $200M Cr Fac,Int on CDN $200M CF
73000159,Int on CDN $300M Bridge Loan,Int on CDN $300M BL
39000131,RE:OCI-Pension Tax,OCI-Pension Tax
10108400,BK: RBC NEC Gen Bank Acct Confirmed Cash 1187400,NEC Gen Bank Acct CC
10108401,BK: RBC NEC Gen Incoming Clearing,NEC Gen In Clg
10108402,BK: RBC NEC Gen Outgoing Clearing,NEC Gen Out Clg
12200740,Invest in Rel US HldngsII,Inv in Rl US HdngsII
12200750,"Invest in RH&A, LLC","Invest in RH&A, LLC"
24025060,DEBT: Sr. Sec Notes USD 375M,DEBT: Sr. Sec Not
24025061,DEBT:SrNote USD $375M-Def Cost,DEBT:SrNote USD Def
24025081,DEBT: Embd opt US$375M,DEBT: Embd optUS
24025082,DEBT: Basis adj US$375M,DEBT: Basis adj US
24035160,AP:Accr. Int. on USD $375M,AP:Accr. Int. on USD
10107400,BK:RBC RIHLP CAD Confirmed Cash 1069426,BK:RB RIHLP CAD CC
10107401,BK:RBC RIHLP CAD Incoming Clearing,RB RIHLP CAD In Clg
10107402,BK:RBC RIHLP CAD Outgoing Clearing,RB RIHLP CAD Ot Clg
10107500,BK:RBC RIHLP USD Confirmed Cash 4027397,BK:RB RIHLP USD CC
10107501,BK:RBC RIHLP USD Incoming Clearing,RB RIHLP USD In Clg
10107502,BK:RBC RIHLP USD Outgoing Clearing,RB RIHLP USD Ot Clg
12200680,Invest in RLP,Invest in RLP
24045062,DEBT:CDN 150M Secured Notes,DEBT:CDN 150M Srd Nt
24045063,DEBT:CDN 150M Notes-Def Costs,DEBT:CDN 150M N DC
24045064,DEBT: USD 100M Secured Notes,DEBT: USD 100M Sec N
24045065,DEBT: USD 100M Def Costs,DEBT: US 100M DC
24045066,DEBT: USD 70M Secured Notes,DEBT: USD 70M Sec N
24042567,DEBT: USD 70M Def Costs,DEBT: US 70M Def Cst
24045161,AP:Accr. Int. on CDN $150M,AP:Accr Int CDN 150M
24035162,AP:Accr. Int. on USD $100M,AP:Accr Int  US 100M
24035163,AP:Accr. Int. on USD $70M,AP:Accr Int US 70M
79000300,FX: Gain/Loss on US $ den. Dbt,FX: Gain/Loss on US
73000134,AMORT: Basis adj US $375M,AMORT: Basis adj
73000135,USD $375M Make Whole Premium,USD $375M MW Prem
73000144,Interest on CDN $150M,Int on CDN $150M
73000145,Interest on USD $375M,Int on USD $375M
72000154,INT: Embd opt US$375M,INT: Embd opt US$375
73000160,Interest on USD $100M,Interest on US $100M
73000161,Interest on USD $70M,Interest on USD $70M
10107200,BK: RBC RHLP CAD Confirmed Cash 1069467,BK: RB RHLP CAD CC
10107201,BK: RBC RHLP Dep Incoming Clearing,RHLP  Dep In Clg
10107202,BK: RBC RHLP Dep Outgoing Clearing Clearing,RHLP  Dep Out Clg
10107300,BK:RBC RHLP USD Confirmed Cash 4027470,BK:RB RHLP USD CC
10107301,BK:RBC RHLP USD Incoming Clearing,RB RHLP USD In Clg
10107302,BK:RBC RHLP USD Outgoing Clearing,RB RHLP USD Ot Clg
12200710,Invest in RIHLP,Invest in RIHLP
10105100,BK: RBC Trusteeco Dep Confirmed Cash 1304872,RBC Trusteeco Dep CC
10105101,BK: RBC Trusteeco Dep Incoming Clearing,RBC Trust Dep In Clg
10105102,BK: RBC Trusteeco Dep Outgoing Clearing,RBC Trus Dep Out Clg
10105200,BK: RBC Benco Dep Confirmed Cash 1304138,RBC Benco Dep CC
10105201,BK: RBC Benco Dep Incoming Clearing,RB Benco Dep In Clg
10105202,BK: RBC Benco Dep Outgoing Clearing,RB Benco Dep Out Clg
10108600,BK:RB Rel US Hold I Inc CAD Confirmed Cash 1401363,RB RUSH I Inc CAD CC
10108601,BK:RB Rel US Hold I Inc CAD  Incoming Clearing,RB RUH I CAD  In Clg
10108602,BK:RB Rel US Hold I Inc CAD Outgoing Clearing,RB RUH I CAD Out Clg
10108500,BK:RB Rel US Hold I Inc USD Confirmed Cash 4061735,RB RUSH I Inc USD CC
10108501,BK:RB Rel US Hold I Inc USD  Incoming Clearing,RB RUH I USD  In Clg
10108502,BK:RB Rel US Hold I Inc USD Outgoing Clearing,RB RUH I USD Out Clg
90100007,STAT: Shareholder loans - Drawings,Sh loans-Draw
90100008,STAT: Shareholder loans - Repayments,Sh loans-Repay
90100029,STAT: Internal interest paid,Internal Int paid
90100030,STAT: Withholding tax on shareholder loan interest,WH tax paid
12200760,Invest in NSULC,Invest in NSULC
10107040,BK:HSBC CAN CANCO Confirmed Cash 2980429001,BK:HSBC CAN CANCO CC
10107041,BK:HSBC CAN CANCO Incoming Clearing,HSBC CAN CANC In Clg
10107042,BK:HSBC CAN CANCO Outgoing Clearing,HSBC CAN CANC Ot Clg
12200540,Units Held in Trustee Co,Unt Held in Trust Co
12200550,Investment in Benco,Investment in Benco
23000596,AP: WHolding Tax Pybl (P-N1),AP: WH Tx Pybl(P-N1)
23000597,AP: WHolding Tax Pybl (P-N2),AP: WH Tx Pybl(P-N2)
24055096,DEBT: Rich Heights (P-Note1),DEBT: Rich Height N1
24055097,DEBT: Rich Heights (P-Note2),DEBT: Rich Heis N2
24035196,AP:Accr Int Rich Heights(P-N1),AP:Accr Int Rich N1
24035197,AP:Accr Int Rich Heights(P-N2),AP:Accr Int Rich N2
73000196,INT: Int Expense (P-Note 1),INT: Int Exp - PN1
73000197,INT: Int Expense (P-Note 2),INT: Int Exp - PN2
12200670,Invest in RHLP,Invest in RHLP
16400898,AA: Intngible asset-CANCO,AA: Int asset-CANCO
15400898,IA: Intngbl Asset-CANCO,IA: Int Asset-CANCO
24025098,DEBT: Long Term Debt - CANCO,DEBT: Lng Term CANCO
73000198,INT: LT interest-CANCO,INT: LT Int -CANCO
75019698,OTH: Loss on Intangibles-CANCO,OTH: Loss on Intng C
10109800,BK: Synovus USD (Manual) 1008467753,BK: Syn USD (Manual)
15409830,IA: Reliable Intangible Assets (Manual),IA: Reliable IA Manl
16409830,AA: Reliable Intangible Assets (Manual),AA: Reliable IA-Man
74400830,AMORT: Amorti-Acquisition,AMORT: Amorti-Acq
24025007,DEBT: CDN 400M (2028) Secured Notes,DEBT: 400M(2028)SecN
24025008,DEBT: CDN 400M (2028) Notes-Def Costs,DEBT: 400M(2028) DC
24035142,AP:Accr Int on CDN $400M (2028),AP:AccrInt400M(2028)
73000199,Interest on CDN $400M (2028),Int on $400M(2028)
90100032,STAT: Interest/Tax Paid Contra,Int/Tax Paid Contra
90100033,STAT: Acquisitions Contra,Acq Contra
90100034,STAT: Debt Proceeds/Repayments Contra,Debt Contra
90100035,STAT: Holdback,Holdback-Acq
15100510,Res RWH Tankless,Res RWH Tankless
16100510,AD: Res RWH Tankless,AD:Res RWH Tankless
74100510,DEP: Res RWH Tankless,DEP:Res RWH Tankless
15109510,Res RWH Tankless (Manual),Res RWH Tankless -Ma
16109510,AD: Res RWH Tankless (Manual),AD:Res RWH TANK -Man
15100600,Rental Waterpurification,Rental WP
16100600,AD: Rental Waterpurification,AD:Rental WP
74100600,DEP: Rental Waterpurification,DEP:Rental WP
15109600,Rental Waterpurification (Manual),Rental WP - Manual
16109600,AD: Rental Waterpurification (Manual),AD:Rental WP -Manual
24034434,AP:Accr. Int. on CDN 70M,AP:Accr Int CDN 70M
24044432,DEBT: CDN 70M Term Loan,DEBT:CDN 70M Term Ln
24044433,DEBT: CDN 70M Term Loan-DefCosts,DEBT:CDN 70M Def Cst
73000162,Interest on CDN 70M,Int on CDN 70M
88888887,Lgcy. Conv- AR Solomon,Lgcy. Conv- AR Solom
15400848,IA: Cust Rltp Ext WH Simply Green Crown 2,IA: WH Simply Gr CC2
15400849,IA: Cust Rltp Ext HVAC Simply Green Crown 2,IA: HVAC Simp Gr CC2
16400848,AA: Cust Rltp Ext WH Simply Green Crown 2,AA: WH Simply Gr CC2
16400849,AA: Cust Rltp Ext HVAC Simply Green Crown 2,AA: HVAC Simp Gr CC2
74400848,Amort: Cust Rltp Ext WH Simply Green Crown 2,AM: WH Simply Gr CC2
74400849,Amort: Cust Rltp Ext HVAC Simply Green Crown 2,AM: HVAC Simp Gr CC2
23000516,AP:Current Tax Payable,AP:Curr Tax Pay
70000532,TAX:Current Tax Expense,TAX:Curr Tax Exp
15400850,IA: Cust Rltp Ext WH Genesis 2,IA: WH Gen 2
15400851,IA: Cust Rltp Ext HVAC Genesis 2,IA: HVAC Gen 2
16400850,AA: Cust Rltp Ext WH Genesis 2,AA: WH Gen 2
16400851,AA: Cust Rltp Ext HVAC Genesis 2,AA: HVAC Gen 2
74400850,Amort: Cust Rltp Ext WH Genesis 2,AM: WH Gen 2
74400851,Amort: Cust Rltp Ext HVAC Genesis 2,AM: HVAC Gen 2
24044434,DEBT: CDN 100M Term Loan LT,DEBT: CDN 100M Loan
24044435,DEBT: CDN 100M Def Costs LT,DEBT: CDN 100M DC
24044436,DEBT: USD 100M Term Loan LT,DEBT: USD 100M Loan
24044437,DEBT: USD 100M Def Costs LT,DEBT: USD 100M DC
24044438,DEBT:CDN 150M Term Loan LT,DEBT: CDN 150M Loan
24044439,DEBT:CDN 150M Def Costs LT,DEBT: CDN 150M DC
24044440,AP:Accr. Int. on CDN $150M LT,AP:Accr Int CDN 150M
12000002,AR Ban Conversion Ac,AR Banner Conversion Account
12000003,AR Sol Conversion Ac,AR Solomon Conversion Account
12000004,AR Conv. Clearing,AR Conversion - Clearing- Payment on Account
21004130,AP: Rental Unapplied,AP: SAP Rental Unapplied Payments
10104811,RBC ISU Disb In Clg,BK:RBC ISU-CUST REFUND Disb. Incoming Clng 1136274
10104812,RBC ISU Disb Out Clg,BK:RBC ISU-CUST REFUND Disb. Outgoing Clng 1136274
75000467,REV: Buyouts Proceed,REV: Buyouts Proceeds
10101666,BK:RBC Banner Incoming Clearing,BK:RBC BANNER INCOMING CL
12000005,AR: Clarification Account,AR: CLARIFICATION ACCOUNT
12000006,AR: Clarification Account One time Sale,AR: CLARIFICATION ACCOUNT
24069000,FICA Balancing Acc,FICA Balancing Account
15400854,IA: Cust Rltp Ext WH Project Bonsai,IA: WH Proj Bonsai
15400855,IA: Cust Rltp Ext HVAC Project Bonsai,IA: HVAC Proj Bonsai
15400856,IA: Cust Rltp Ext WP Project Bonsai,IA: WP Proj Bonsai
16400854,AA: Cust Rltp Ext WH Project Bonsai,AA: WH Proj Bonsai
16400855,AA: Cust Rltp Ext HVAC Project Bonsai,AA: HVAC Proj Bonsai
16400856,AA: Cust Rltp Ext WP Project Bonsai,AA: WP Proj Bonsai
74400854,Amort: Cust Rltp Ext WH Project Bonsai,AM: WH Proj Bonsai
74400855,Amort: Cust Rltp Ext HVAC Project Bonsai,AM: HVAC Proj Bonsai
74400856,Amort: Cust Rltp Ext WP Project Bonsai,AM: WP Proj Bonsai
15100640,EV Chargers,EV Chargers
15109640,EV Chargers (Manual),EV Chargers (Manual)
16100640,AD: EV Chargers,AD: EV Chargers
16109640,AD: EV Chargers (Manual),AD: EV Chargers (M)
74100640,DEP: EV Chargers,DEP: EV Chargers
15200833,Cust Rltp Int Gen Comm,Cust Rl Int Gen Comm
16200833,AD:CustRltp IntGen Comm,AD:CustRltp IntGen C
15000020,Tools,Tools
16000020,AD:Tools,AD:Tools
15200833,Cust Rltp Int Gen Comm,Cust Rl Int Gen Comm
16200833,AD:CustRltp IntGen Comm,AD:CustRltp IntGen C
15100562,CommReco WH-GasTanks,CommReco WH-GasTanks
15200829,Cust Rltp IntGen RHVAC,Cust Rl IntGen RHVAC
15200829,Cust Rltp IntGen RHVAC,Cust Rl IntGen RHVAC
15200829,Cust Rltp IntGen RHVAC,Cust Rl IntGen RHVAC
15200829,Cust Rltp IntGen RHVAC,Cust Rl IntGen RHVAC
15200836,Prop Mgmt Retention Allowan,Prop Mgmt Ret Allown
16200829,AD:Cus Rltp IntGen RHVAC,AD:Cus Rlt IntGen RH
16200829,AD:Cus Rltp IntGen RHVAC,AD:Cus Rlt IntGen RH
16200829,AD:Cus Rltp IntGen RHVAC,AD:Cus Rlt IntGen RH
16200829,AD:Cus Rltp IntGen RHVAC,AD:Cus Rlt IntGen RH
16200836,AD:Prop Mgmt Retention Allowan,AD:Prop Mgmt Ret All
74100562,DEP:CommReco WH-GasTanks,DEP:CommReco WH-GasT
74100502,DEP:Res RWH-Gas PV,DEP:Res RWH-Gas PV
74200829,DEP:HVAC Cust Rltp Int Gen,DEP:HVAC Cust Rlp IG
74200829,DEP:HVAC Cust Rltp Int Gen,DEP:HVAC Cust Rlp IG
74200829,DEP:HVAC Cust Rltp Int Gen,DEP:HVAC Cust Rlp IG
74200829,DEP:HVAC Cust Rltp Int Gen,DEP:HVAC Cust Rlp IG
74200836,DEP:Prop Mgmt Retention Allowa,DEP:Prop Mgmt tn All
16100562,AD:CommReco WH-GasTanks,AD:CommReco WH-GasT
74000020,DEP:Tools,DEP:Tools
40000400,REV: Gross Recurring Revenue,Gross Recurring Rev
40000411,REV: Recurring Credit Adjustments,REV: Rec Credit Adj
40000400,REV: Gross Recurring Revenue,Gross Recurring Rev
40000400,REV: Gross Recurring Revenue,Gross Recurring Rev
40010100,REV: Gross OneTime Revenue,REV: Grs OneTime Rev
40010260,REV: General Charges,REV: General Charges
40010260,REV: General Charges,REV: General Charges
40010200,REV: Administration Fees,REV: Admin Fees
40010240,REV: Late Payment Charges,REV: General Charges
40010260,REV: General Charges,REV: General Charges
27000003,IC Interest Payable to US Holdings I,IC Int Pay to USH I
12000200,AR:Sundry,AR:Sundry
40020281,REV:Carbon Offset Revenue,REV:Carb Ofst Reven
25000005,UER: Unearn Revenue-Acquireds,UER: Unearn Rev-Acq
74000130,DEP:Fixed Assets,DEP:CustRltp IntGn C
74200833,DEP:CustRltp IntGen Comm,DEP:CustRltp IntGn C
